_row_number,fantasyPointsRank,playerName,position,byeWeek,games,fantasyPoints,auctionValue,passComp,passAtt,passYds,passTd,passInt,passSacked,rushAtt,rushYds,rushTd,recvTargets,recvReceptions,recvYds,recvTd,fumbles,fumblesLost,twoPt,returnYds,returnTd,fgMade019,fgAtt019,fgMade2029,fgAtt2029,fgMade3039,fgAtt3039,fgMade4049,fgAtt4049,fgMade50plus,fgAtt50plus,patMade,patAtt,dstSacks,dstSafeties,dstInt,dstFumblesForced,dstFumblesRecovered,dstTd,dstReturnYds,dstReturnTd,dstPts0,dstPts16,dstPts713,dstPts1420,dstPts2127,dstPts2834,dstPts35plus,idpTacklesSolo,idpTacklesAssist,idpSacks,idpTacklesForLoss,idpPassDefended,idpInt,idpFumblesForced,idpFumblesRecovered,idpSafeties,idpTd,_quarantine_reason,_exceptions
10,9,Derrick Henry,RB,7,17.0,267.6,44,0.0,0.0,0.0,0.0,0.0,0.0,298.5019,1441.0892,11.8425,32.6284,27.2336,192.3487,1.1548,4.3307,1.9381,0.4743,0,0,0,0,0,0,0,0,0,0,0,0,0,0,0,0,0,0,0,0,0,0,0,0,0,0,0,0,0,0,0,0,0,0,0,0,0,0,0,validation_failed,"[{'row': 10, 'column': 'teamName', 'value': 'BLT', 'error': 'Invalid value BLT for teamName'}]"
14,13,Puka Nacua,WR,8,17.0,291.0,38,0.0,0.0,0.0,0.0,0.0,0.0,10.8348,64.7104,0.5666,157.8156,112.4073,1306.0855,6.3355,1.3583,0.7332,0.4332,0,0,0,0,0,0,0,0,0,0,0,0,0,0,0,0,0,0,0,0,0,0,0,0,0,0,0,0,0,0,0,0,0,0,0,0,0,0,0,validation_failed,"[{'row': 14, 'column': 'teamName', 'value': 'LA', 'error': 'Invalid value LA for teamName'}]"
15,14,Kyren Williams,RB,8,17.0,244.0,33,0.0,0.0,0.0,0.0,0.0,0.0,248.3346,1093.3067,8.7162,41.9289,34.2478,241.6067,1.591,3.7278,1.6813,0.3973,0,0,0,0,0,0,0,0,0,0,0,0,0,0,0,0,0,0,0,0,0,0,0,0,0,0,0,0,0,0,0,0,0,0,0,0,0,0,0,validation_failed,"[{'row': 15, 'column': 'teamName', 'value': 'LA', 'error': 'Invalid value LA for teamName'}]"
16,15,Nico Collins,WR,6,17.0,273.7,33,0.0,0.0,0.0,0.0,0.0,0.0,0.0,0.0,0.0,151.9846,99.6264,1299.3454,7.2377,0.0,0.0,0.3757,0,0,0,0,0,0,0,0,0,0,0,0,0,0,0,0,0,0,0,0,0,0,0,0,0,0,0,0,0,0,0,0,0,0,0,0,0,0,0,validation_failed,"[{'row': 16, 'column': 'teamName', 'value': 'HST', 'error': 'Invalid value HST for teamName'}]"
26,25,Trey McBride,TE,8,17.0,241.1,29,0.0,0.0,0.0,0.0,0.0,0.0,0.0,0.0,0.0,139.4411,105.9743,987.5098,5.9366,0.0,0.0,0.3779,0,0,0,0,0,0,0,0,0,0,0,0,0,0,0,0,0,0,0,0,0,0,0,0,0,0,0,0,0,0,0,0,0,0,0,0,0,0,0,validation_failed,"[{'row': 26, 'column': 'teamName', 'value': 'ARZ', 'error': 'Invalid value ARZ for teamName'}]"
34,33,James Conner,RB,8,17.0,225.0,26,0.0,0.0,0.0,0.0,0.0,0.0,192.0038,863.1457,6.9187,49.4433,41.5343,282.2175,1.3498,3.0445,1.3895,0.3471,0,0,0,0,0,0,0,0,0,0,0,0,0,0,0,0,0,0,0,0,0,0,0,0,0,0,0,0,0,0,0,0,0,0,0,0,0,0,0,validation_failed,"[{'row': 34, 'column': 'teamName', 'value': 'ARZ', 'error': 'Invalid value ARZ for teamName'}]"
38,37,Marvin Harrison Jr.,WR,8,17.0,235.3,22,0.0,0.0,0.0,0.0,0.0,0.0,0.0,0.0,0.0,142.7744,87.0579,1038.7076,7.2619,0.0,0.0,0.3869,0,0,0,0,0,0,0,0,0,0,0,0,0,0,0,0,0,0,0,0,0,0,0,0,0,0,0,0,0,0,0,0,0,0,0,0,0,0,0,validation_failed,"[{'row': 38, 'column': 'teamName', 'value': 'ARZ', 'error': 'Invalid value ARZ for teamName'}]"
43,42,Lamar Jackson,QB,7,17.0,328.4,19,315.6998,444.2148,3403.7526,26.0278,8.2891,35.581,114.3642,699.8063,3.8696,0.0,0.0,0.0,0.0,0.0,0.0,1.6172,0,0,0,0,0,0,0,0,0,0,0,0,0,0,0,0,0,0,0,0,0,0,0,0,0,0,0,0,0,0,0,0,0,0,0,0,0,0,0,validation_failed,"[{'row': 43, 'column': 'teamName', 'value': 'BLT', 'error': 'Invalid value BLT for teamName'}]"
44,43,Davante Adams,WR,8,17.0,224.0,19,0.0,0.0,0.0,0.0,0.0,0.0,0.0,0.0,0.0,124.6219,83.7982,971.9103,7.0628,0.0,0.0,0.3322,0,0,0,0,0,0,0,0,0,0,0,0,0,0,0,0,0,0,0,0,0,0,0,0,0,0,0,0,0,0,0,0,0,0,0,0,0,0,0,validation_failed,"[{'row': 44, 'column': 'teamName', 'value': 'LA', 'error': 'Invalid value LA for teamName'}]"
68,67,Zay Flowers,WR,7,17.0,205.6,14,0.0,0.0,0.0,0.0,0.0,0.0,6.5297,42.9271,0.3115,111.351,76.2325,926.4316,5.0531,0.9101,0.4924,0.3878,0,0,0,0,0,0,0,0,0,0,0,0,0,0,0,0,0,0,0,0,0,0,0,0,0,0,0,0,0,0,0,0,0,0,0,0,0,0,0,validation_failed,"[{'row': 68, 'column': 'teamName', 'value': 'BLT', 'error': 'Invalid value BLT for teamName'}]"
72,71,Joe Mixon,RB,6,17.0,156.5,13,0.0,0.0,0.0,0.0,0.0,0.0,159.3626,668.073,5.5305,36.7057,30.0611,205.1102,1.0937,2.4793,1.127,0.2655,0,0,0,0,0,0,0,0,0,0,0,0,0,0,0,0,0,0,0,0,0,0,0,0,0,0,0,0,0,0,0,0,0,0,0,0,0,0,0,validation_failed,"[{'row': 72, 'column': 'teamName', 'value': 'HST', 'error': 'Invalid value HST for teamName'}]"
77,76,David Njoku,TE,9,17.0,178.5,12,0.0,0.0,0.0,0.0,0.0,0.0,0.0,0.0,0.0,106.4099,76.6833,711.7884,5.0227,0.0,0.0,0.2403,0,0,0,0,0,0,0,0,0,0,0,0,0,0,0,0,0,0,0,0,0,0,0,0,0,0,0,0,0,0,0,0,0,0,0,0,0,0,0,validation_failed,"[{'row': 77, 'column': 'teamName', 'value': 'CLV', 'error': 'Invalid value CLV for teamName'}]"
84,83,Jerry Jeudy,WR,9,17.0,192.9,10,0.0,0.0,0.0,0.0,0.0,0.0,0.7959,4.7463,0.0379,115.6898,73.4071,911.9932,4.5808,0.8021,0.4415,0.2621,0,0,0,0,0,0,0,0,0,0,0,0,0,0,0,0,0,0,0,0,0,0,0,0,0,0,0,0,0,0,0,0,0,0,0,0,0,0,0,validation_failed,"[{'row': 84, 'column': 'teamName', 'value': 'CLV', 'error': 'Invalid value CLV for teamName'}]"
109,108,Mark Andrews,TE,7,17.0,149.5,4,0.0,0.0,0.0,0.0,0.0,0.0,0.0,0.0,0.0,78.2046,55.5014,597.26,5.621,0.0,0.0,0.2668,0,0,0,0,0,0,0,0,0,0,0,0,0,0,0,0,0,0,0,0,0,0,0,0,0,0,0,0,0,0,0,0,0,0,0,0,0,0,0,validation_failed,"[{'row': 109, 'column': 'teamName', 'value': 'BLT', 'error': 'Invalid value BLT for teamName'}]"
113,112,Kyler Murray,QB,8,17.0,267.4,2,335.0555,472.2755,3271.1374,20.2605,9.0305,28.8997,79.0221,420.0456,3.3114,0.0,0.0,0.0,0.0,0.0,0.0,1.3307,0,0,0,0,0,0,0,0,0,0,0,0,0,0,0,0,0,0,0,0,0,0,0,0,0,0,0,0,0,0,0,0,0,0,0,0,0,0,0,validation_failed,"[{'row': 113, 'column': 'teamName', 'value': 'ARZ', 'error': 'Invalid value ARZ for teamName'}]"
116,115,Dylan Sampson,RB,9,17.0,114.9,1,0.0,0.0,0.0,0.0,0.0,0.0,117.8167,512.5364,3.3811,29.0439,23.0213,159.5422,0.8103,1.8416,0.8379,0.1986,0,0,0,0,0,0,0,0,0,0,0,0,0,0,0,0,0,0,0,0,0,0,0,0,0,0,0,0,0,0,0,0,0,0,0,0,0,0,0,validation_failed,"[{'row': 116, 'column': 'teamName', 'value': 'CLV', 'error': 'Invalid value CLV for teamName'}]"
123,122,Jerome Ford,RB,9,17.0,111.3,0,0.0,0.0,0.0,0.0,0.0,0.0,93.1147,410.2208,2.3864,37.7569,30.3994,208.2788,0.8519,1.587,0.7349,0.1908,0,0,0,0,0,0,0,0,0,0,0,0,0,0,0,0,0,0,0,0,0,0,0,0,0,0,0,0,0,0,0,0,0,0,0,0,0,0,0,validation_failed,"[{'row': 123, 'column': 'teamName', 'value': 'CLV', 'error': 'Invalid value CLV for teamName'}]"
125,124,Christian Kirk,WR,6,17.0,156.0,0,0.0,0.0,0.0,0.0,0.0,0.0,0.0,0.0,0.0,93.4849,61.2244,707.0618,3.9376,0.0,0.0,0.2311,0,0,0,0,0,0,0,0,0,0,0,0,0,0,0,0,0,0,0,0,0,0,0,0,0,0,0,0,0,0,0,0,0,0,0,0,0,0,0,validation_failed,"[{'row': 125, 'column': 'teamName', 'value': 'HST', 'error': 'Invalid value HST for teamName'}]"
126,125,Nick Chubb,RB,6,17.0,110.4,0,0.0,0.0,0.0,0.0,0.0,0.0,144.4223,624.6113,4.2633,14.9117,11.8362,83.1475,0.46,2.0808,0.9297,0.1952,0,0,0,0,0,0,0,0,0,0,0,0,0,0,0,0,0,0,0,0,0,0,0,0,0,0,0,0,0,0,0,0,0,0,0,0,0,0,0,validation_failed,"[{'row': 126, 'column': 'teamName', 'value': 'HST', 'error': 'Invalid value HST for teamName'}]"
127,126,Quinshon Judkins,RB,9,11.0,109.9,0,0.0,0.0,0.0,0.0,0.0,0.0,106.9064,470.1016,3.2603,29.0007,22.9719,159.1042,0.8002,1.6935,0.7727,0.1851,0,0,0,0,0,0,0,0,0,0,0,0,0,0,0,0,0,0,0,0,0,0,0,0,0,0,0,0,0,0,0,0,0,0,0,0,0,0,0,validation_failed,"[{'row': 127, 'column': 'teamName', 'value': 'CLV', 'error': 'Invalid value CLV for teamName'}]"
130,129,Isaiah Likely,TE,7,17.0,135.7,0,0.0,0.0,0.0,0.0,0.0,0.0,0.0,0.0,0.0,69.918,49.9822,549.5113,5.0417,0.0,0.0,0.2385,0,0,0,0,0,0,0,0,0,0,0,0,0,0,0,0,0,0,0,0,0,0,0,0,0,0,0,0,0,0,0,0,0,0,0,0,0,0,0,validation_failed,"[{'row': 130, 'column': 'teamName', 'value': 'BLT', 'error': 'Invalid value BLT for teamName'}]"
133,132,C.J. Stroud,QB,6,17.0,257.8,0,346.2994,506.434,3766.1689,21.6301,10.0093,43.6517,48.4979,240.1957,0.6844,0.0,0.0,0.0,0.0,0.0,0.0,1.2718,0,0,0,0,0,0,0,0,0,0,0,0,0,0,0,0,0,0,0,0,0,0,0,0,0,0,0,0,0,0,0,0,0,0,0,0,0,0,0,validation_failed,"[{'row': 133, 'column': 'teamName', 'value': 'HST', 'error': 'Invalid value HST for teamName'}]"
139,138,Jayden Higgins,WR,6,17.0,151.9,0,0.0,0.0,0.0,0.0,0.0,0.0,0.0,0.0,0.0,89.4702,58.5164,694.6667,3.918,0.0,0.0,0.2212,0,0,0,0,0,0,0,0,0,0,0,0,0,0,0,0,0,0,0,0,0,0,0,0,0,0,0,0,0,0,0,0,0,0,0,0,0,0,0,validation_failed,"[{'row': 139, 'column': 'teamName', 'value': 'HST', 'error': 'Invalid value HST for teamName'}]"
155,154,Trey Benson,RB,8,17.0,102.9,0,0.0,0.0,0.0,0.0,0.0,0.0,123.6487,548.4457,3.6494,17.2218,14.287,96.144,0.4515,1.8263,0.8207,0.1839,0,0,0,0,0,0,0,0,0,0,0,0,0,0,0,0,0,0,0,0,0,0,0,0,0,0,0,0,0,0,0,0,0,0,0,0,0,0,0,validation_failed,"[{'row': 155, 'column': 'teamName', 'value': 'ARZ', 'error': 'Invalid value ARZ for teamName'}]"
166,165,Cedric Tillman,WR,9,17.0,145.3,0,0.0,0.0,0.0,0.0,0.0,0.0,1.5919,9.4925,0.075,87.85,54.2533,661.3872,3.9138,0.6064,0.3322,0.2002,0,0,0,0,0,0,0,0,0,0,0,0,0,0,0,0,0,0,0,0,0,0,0,0,0,0,0,0,0,0,0,0,0,0,0,0,0,0,0,validation_failed,"[{'row': 166, 'column': 'teamName', 'value': 'CLV', 'error': 'Invalid value CLV for teamName'}]"
168,167,Keaton Mitchell,RB,7,17.0,99.9,0,0.0,0.0,0.0,0.0,0.0,0.0,73.2263,333.545,2.0802,34.1822,28.1984,198.9803,1.0299,1.2943,0.6034,0.2056,629.5413,0.1609,0,0,0,0,0,0,0,0,0,0,0,0,0,0,0,0,0,0,0,0,0,0,0,0,0,0,0,0,0,0,0,0,0,0,0,0,0,validation_failed,"[{'row': 168, 'column': 'teamName', 'value': 'BLT', 'error': 'Invalid value BLT for teamName'}]"
172,171,Matthew Stafford,QB,8,17.0,246.1,0,354.175,495.6569,3697.6602,23.1175,10.2197,31.1713,31.8753,76.2277,0.9426,0.0,0.0,0.0,0.0,0.0,0.0,1.3444,0,0,0,0,0,0,0,0,0,0,0,0,0,0,0,0,0,0,0,0,0,0,0,0,0,0,0,0,0,0,0,0,0,0,0,0,0,0,0,validation_failed,"[{'row': 172, 'column': 'teamName', 'value': 'LA', 'error': 'Invalid value LA for teamName'}]"
182,181,Rashod Bateman,WR,7,17.0,134.0,0,0.0,0.0,0.0,0.0,0.0,0.0,0.0,0.0,0.0,72.5076,45.2564,596.8189,4.7665,0.0,0.0,0.2474,0,0,0,0,0,0,0,0,0,0,0,0,0,0,0,0,0,0,0,0,0,0,0,0,0,0,0,0,0,0,0,0,0,0,0,0,0,0,0,validation_failed,"[{'row': 182, 'column': 'teamName', 'value': 'BLT', 'error': 'Invalid value BLT for teamName'}]"
188,187,Tutu Atwell,WR,8,17.0,125.8,0,0.0,0.0,0.0,0.0,0.0,0.0,0.0,0.0,0.0,74.5402,48.1223,595.7885,2.9552,0.0,0.0,0.1987,0,0,0,0,0,0,0,0,0,0,0,0,0,0,0,0,0,0,0,0,0,0,0,0,0,0,0,0,0,0,0,0,0,0,0,0,0,0,0,validation_failed,"[{'row': 188, 'column': 'teamName', 'value': 'LA', 'error': 'Invalid value LA for teamName'}]"
191,190,Blake Corum,RB,8,17.0,78.1,0,0.0,0.0,0.0,0.0,0.0,0.0,86.6787,364.2152,2.4819,17.4704,14.0768,100.9396,0.4823,1.324,0.5995,0.1462,629.5703,0.1609,0,0,0,0,0,0,0,0,0,0,0,0,0,0,0,0,0,0,0,0,0,0,0,0,0,0,0,0,0,0,0,0,0,0,0,0,0,validation_failed,"[{'row': 191, 'column': 'teamName', 'value': 'LA', 'error': 'Invalid value LA for teamName'}]"
197,196,Dalton Schultz,TE,6,17.0,97.9,0,0.0,0.0,0.0,0.0,0.0,0.0,0.0,0.0,0.0,59.0733,40.6949,402.3847,2.7873,0.0,0.0,0.146,0,0,0,0,0,0,0,0,0,0,0,0,0,0,0,0,0,0,0,0,0,0,0,0,0,0,0,0,0,0,0,0,0,0,0,0,0,0,0,validation_failed,"[{'row': 197, 'column': 'teamName', 'value': 'HST', 'error': 'Invalid value HST for teamName'}]"
198,197,Jaylin Noel,WR,6,17.0,117.3,0,0.0,0.0,0.0,0.0,0.0,0.0,0.0,0.0,0.0,69.3967,45.151,538.812,2.9896,0.0,0.0,0.1716,0,0,0,0,0,0,0,0,0,0,0,0,0,0,0,0,0,0,0,0,0,0,0,0,0,0,0,0,0,0,0,0,0,0,0,0,0,0,0,validation_failed,"[{'row': 198, 'column': 'teamName', 'value': 'HST', 'error': 'Invalid value HST for teamName'}]"
208,207,Michael Wilson,WR,8,17.0,109.8,0,0.0,0.0,0.0,0.0,0.0,0.0,0.0,0.0,0.0,64.4429,41.6743,500.0544,2.9561,0.0,0.0,0.1747,0,0,0,0,0,0,0,0,0,0,0,0,0,0,0,0,0,0,0,0,0,0,0,0,0,0,0,0,0,0,0,0,0,0,0,0,0,0,0,validation_failed,"[{'row': 208, 'column': 'teamName', 'value': 'ARZ', 'error': 'Invalid value ARZ for teamName'}]"
209,208,Jarquez Hunter,RB,8,17.0,64.1,0,0.0,0.0,0.0,0.0,0.0,0.0,55.041,239.6517,1.6937,19.2174,15.2949,111.0336,0.6254,0.9093,0.4185,0.1145,0,0,0,0,0,0,0,0,0,0,0,0,0,0,0,0,0,0,0,0,0,0,0,0,0,0,0,0,0,0,0,0,0,0,0,0,0,0,0,validation_failed,"[{'row': 209, 'column': 'teamName', 'value': 'LA', 'error': 'Invalid value LA for teamName'}]"
214,213,Terrance Ferguson,TE,8,17.0,87.3,0,0.0,0.0,0.0,0.0,0.0,0.0,0.0,0.0,0.0,48.917,34.8926,360.6257,2.6753,0.0,0.0,0.1304,0,0,0,0,0,0,0,0,0,0,0,0,0,0,0,0,0,0,0,0,0,0,0,0,0,0,0,0,0,0,0,0,0,0,0,0,0,0,0,validation_failed,"[{'row': 214, 'column': 'teamName', 'value': 'LA', 'error': 'Invalid value LA for teamName'}]"
216,215,DeAndre Hopkins,WR,7,17.0,106.5,0,0.0,0.0,0.0,0.0,0.0,0.0,0.0,0.0,0.0,61.1136,39.5004,464.1999,3.3666,0.0,0.0,0.2085,0,0,0,0,0,0,0,0,0,0,0,0,0,0,0,0,0,0,0,0,0,0,0,0,0,0,0,0,0,0,0,0,0,0,0,0,0,0,0,validation_failed,"[{'row': 216, 'column': 'teamName', 'value': 'BLT', 'error': 'Invalid value BLT for teamName'}]"
219,218,Tyler Higbee,TE,8,17.0,85.5,0,0.0,0.0,0.0,0.0,0.0,0.0,0.0,0.0,0.0,47.17,36.6316,327.6235,2.639,0.0,0.0,0.1258,0,0,0,0,0,0,0,0,0,0,0,0,0,0,0,0,0,0,0,0,0,0,0,0,0,0,0,0,0,0,0,0,0,0,0,0,0,0,0,validation_failed,"[{'row': 219, 'column': 'teamName', 'value': 'LA', 'error': 'Invalid value LA for teamName'}]"
228,227,Diontae Johnson,WR,9,17.0,99.6,0,0.0,0.0,0.0,0.0,0.0,0.0,0.0,0.0,0.0,61.8662,38.7772,437.1132,2.8116,0.0,0.0,0.1397,0,0,0,0,0,0,0,0,0,0,0,0,0,0,0,0,0,0,0,0,0,0,0,0,0,0,0,0,0,0,0,0,0,0,0,0,0,0,0,validation_failed,"[{'row': 228, 'column': 'teamName', 'value': 'CLV', 'error': 'Invalid value CLV for teamName'}]"
236,235,Joe Flacco,QB,9,17.0,199.8,0,303.3926,441.8975,3006.6207,17.9388,11.3423,29.9892,44.1827,76.7548,1.5672,0.0,0.0,0.0,0.0,0.0,0.0,1.0222,0,0,0,0,0,0,0,0,0,0,0,0,0,0,0,0,0,0,0,0,0,0,0,0,0,0,0,0,0,0,0,0,0,0,0,0,0,0,0,validation_failed,"[{'row': 236, 'column': 'teamName', 'value': 'CLV', 'error': 'Invalid value CLV for teamName'}]"
238,237,Dameon Pierce,RB,6,17.0,49.1,0,0.0,0.0,0.0,0.0,0.0,0.0,55.1959,237.889,1.5353,10.897,8.7402,60.3992,0.2601,0.8407,0.3804,0.0875,751.3554,0.192,0,0,0,0,0,0,0,0,0,0,0,0,0,0,0,0,0,0,0,0,0,0,0,0,0,0,0,0,0,0,0,0,0,0,0,0,0,validation_failed,"[{'row': 238, 'column': 'teamName', 'value': 'HST', 'error': 'Invalid value HST for teamName'}]"
241,240,Harold Fannin Jr.,TE,9,17.0,74.6,0,0.0,0.0,0.0,0.0,0.0,0.0,0.0,0.0,0.0,43.925,31.2818,307.7201,2.0538,0.0,0.0,0.0992,0,0,0,0,0,0,0,0,0,0,0,0,0,0,0,0,0,0,0,0,0,0,0,0,0,0,0,0,0,0,0,0,0,0,0,0,0,0,0,validation_failed,"[{'row': 241, 'column': 'teamName', 'value': 'CLV', 'error': 'Invalid value CLV for teamName'}]"
245,244,Emari Demercado,RB,8,17.0,45.8,0,0.0,0.0,0.0,0.0,0.0,0.0,39.6198,182.1045,1.2703,13.333,10.7461,74.1748,0.3185,0.6517,0.2997,0.0801,0,0,0,0,0,0,0,0,0,0,0,0,0,0,0,0,0,0,0,0,0,0,0,0,0,0,0,0,0,0,0,0,0,0,0,0,0,0,0,validation_failed,"[{'row': 245, 'column': 'teamName', 'value': 'ARZ', 'error': 'Invalid value ARZ for teamName'}]"
247,246,Justice Hill,RB,7,17.0,45.3,0,0.0,0.0,0.0,0.0,0.0,0.0,10.7274,48.9094,0.3154,23.8239,19.8526,140.7874,0.771,0.3591,0.1819,0.0943,629.5413,0.1609,0,0,0,0,0,0,0,0,0,0,0,0,0,0,0,0,0,0,0,0,0,0,0,0,0,0,0,0,0,0,0,0,0,0,0,0,0,validation_failed,"[{'row': 247, 'column': 'teamName', 'value': 'BLT', 'error': 'Invalid value BLT for teamName'}]"
251,250,Woody Marks,RB,6,17.0,43.7,0,0.0,0.0,0.0,0.0,0.0,0.0,36.5206,159.1284,1.1603,13.7646,10.923,76.9916,0.395,0.6117,0.2823,0.0741,0,0,0,0,0,0,0,0,0,0,0,0,0,0,0,0,0,0,0,0,0,0,0,0,0,0,0,0,0,0,0,0,0,0,0,0,0,0,0,validation_failed,"[{'row': 251, 'column': 'teamName', 'value': 'HST', 'error': 'Invalid value HST for teamName'}]"
283,282,Pierre Strong Jr.,RB,9,17.0,23.7,0,0.0,0.0,0.0,0.0,0.0,0.0,22.4226,94.3541,0.555,7.515,5.9648,40.9167,0.1584,0.3676,0.1689,0.0422,442.5928,0.1131,0,0,0,0,0,0,0,0,0,0,0,0,0,0,0,0,0,0,0,0,0,0,0,0,0,0,0,0,0,0,0,0,0,0,0,0,0,validation_failed,"[{'row': 283, 'column': 'teamName', 'value': 'CLV', 'error': 'Invalid value CLV for teamName'}]"
285,284,Jordan Whittington,WR,8,17.0,68.7,0,0.0,0.0,0.0,0.0,0.0,0.0,0.0,0.0,0.0,38.4348,27.3257,308.494,1.7135,0.0,0.0,0.1025,629.5703,0.1609,0,0,0,0,0,0,0,0,0,0,0,0,0,0,0,0,0,0,0,0,0,0,0,0,0,0,0,0,0,0,0,0,0,0,0,0,0,validation_failed,"[{'row': 285, 'column': 'teamName', 'value': 'LA', 'error': 'Invalid value LA for teamName'}]"
290,289,Michael Carter,RB,8,17.0,21.4,0,0.0,0.0,0.0,0.0,0.0,0.0,20.463,90.4154,0.6519,5.5554,4.5578,31.0676,0.1468,0.3259,0.1489,0.0378,0,0,0,0,0,0,0,0,0,0,0,0,0,0,0,0,0,0,0,0,0,0,0,0,0,0,0,0,0,0,0,0,0,0,0,0,0,0,0,validation_failed,"[{'row': 290, 'column': 'teamName', 'value': 'ARZ', 'error': 'Invalid value ARZ for teamName'}]"
293,292,Elijah Higgins,TE,8,17.0,44.7,0,0.0,0.0,0.0,0.0,0.0,0.0,0.0,0.0,0.0,25.5549,19.2018,177.2558,1.2661,0.0,0.0,0.0693,0,0,0,0,0,0,0,0,0,0,0,0,0,0,0,0,0,0,0,0,0,0,0,0,0,0,0,0,0,0,0,0,0,0,0,0,0,0,0,validation_failed,"[{'row': 293, 'column': 'teamName', 'value': 'ARZ', 'error': 'Invalid value ARZ for teamName'}]"
297,296,Greg Dortch,WR,8,17.0,63.5,0,0.0,0.0,0.0,0.0,0.0,0.0,3.9184,24.5194,0.2038,34.4436,25.416,258.2412,1.4271,0.327,0.1745,0.0977,849.6273,0.4058,0,0,0,0,0,0,0,0,0,0,0,0,0,0,0,0,0,0,0,0,0,0,0,0,0,0,0,0,0,0,0,0,0,0,0,0,0,validation_failed,"[{'row': 297, 'column': 'teamName', 'value': 'ARZ', 'error': 'Invalid value ARZ for teamName'}]"
303,302,Cade Stover,TE,6,17.0,42.7,0,0.0,0.0,0.0,0.0,0.0,0.0,0.0,0.0,0.0,25.2352,18.2406,171.1383,1.2063,0.0,0.0,0.0624,0,0,0,0,0,0,0,0,0,0,0,0,0,0,0,0,0,0,0,0,0,0,0,0,0,0,0,0,0,0,0,0,0,0,0,0,0,0,0,validation_failed,"[{'row': 303, 'column': 'teamName', 'value': 'HST', 'error': 'Invalid value HST for teamName'}]"
306,305,Zay Jones,WR,8,17.0,59.7,0,0.0,0.0,0.0,0.0,0.0,0.0,0.0,0.0,0.0,35.5547,22.8636,272.349,1.5681,0.0,0.0,0.0964,0,0,0,0,0,0,0,0,0,0,0,0,0,0,0,0,0,0,0,0,0,0,0,0,0,0,0,0,0,0,0,0,0,0,0,0,0,0,0,validation_failed,"[{'row': 306, 'column': 'teamName', 'value': 'ARZ', 'error': 'Invalid value ARZ for teamName'}]"
322,321,DeeJay Dallas,RB,8,17.0,9.4,0,0.0,0.0,0.0,0.0,0.0,0.0,8.2723,35.2955,0.2467,2.7777,2.2765,15.5963,0.0906,0.1364,0.0628,0.0167,712.9602,0.1822,0,0,0,0,0,0,0,0,0,0,0,0,0,0,0,0,0,0,0,0,0,0,0,0,0,0,0,0,0,0,0,0,0,0,0,0,0,validation_failed,"[{'row': 322, 'column': 'teamName', 'value': 'ARZ', 'error': 'Invalid value ARZ for teamName'}]"
325,324,Rasheen Ali,RB,7,17.0,8.1,0,0.0,0.0,0.0,0.0,0.0,0.0,9.3282,40.4864,0.2708,1.5537,1.2719,8.9653,0.0476,0.1399,0.0631,0.0166,0,0,0,0,0,0,0,0,0,0,0,0,0,0,0,0,0,0,0,0,0,0,0,0,0,0,0,0,0,0,0,0,0,0,0,0,0,0,0,validation_failed,"[{'row': 325, 'column': 'teamName', 'value': 'BLT', 'error': 'Invalid value BLT for teamName'}]"
330,329,Ronnie Rivers,RB,8,17.0,5.0,0,0.0,0.0,0.0,0.0,0.0,0.0,8.6679,36.2776,0.2323,0.0,0.0,0.0,0.0,0.1172,0.0516,0.01,0,0,0,0,0,0,0,0,0,0,0,0,0,0,0,0,0,0,0,0,0,0,0,0,0,0,0,0,0,0,0,0,0,0,0,0,0,0,0,validation_failed,"[{'row': 330, 'column': 'teamName', 'value': 'LA', 'error': 'Invalid value LA for teamName'}]"
335,334,Dare Ogunbowale,RB,6,17.0,4.4,0,0.0,0.0,0.0,0.0,0.0,0.0,0.0,0.0,0.0,2.8676,2.2547,16.0412,0.0817,0.0,0.0,0.0071,0,0,0,0,0,0,0,0,0,0,0,0,0,0,0,0,0,0,0,0,0,0,0,0,0,0,0,0,0,0,0,0,0,0,0,0,0,0,0,validation_failed,"[{'row': 335, 'column': 'teamName', 'value': 'HST', 'error': 'Invalid value HST for teamName'}]"
342,341,Jamari Thrash,WR,9,17.0,47.5,0,0.0,0.0,0.0,0.0,0.0,0.0,0.0,0.0,0.0,29.6958,19.0694,209.8144,1.216,0.0,0.0,0.0671,0,0,0,0,0,0,0,0,0,0,0,0,0,0,0,0,0,0,0,0,0,0,0,0,0,0,0,0,0,0,0,0,0,0,0,0,0,0,0,validation_failed,"[{'row': 342, 'column': 'teamName', 'value': 'CLV', 'error': 'Invalid value CLV for teamName'}]"
345,344,Jakob Johnson,RB,6,17.0,1.3,0,0.0,0.0,0.0,0.0,0.0,0.0,2.075,9.0414,0.0659,0.0,0.0,0.0,0.0,0.0281,0.0123,0.0023,0,0,0,0,0,0,0,0,0,0,0,0,0,0,0,0,0,0,0,0,0,0,0,0,0,0,0,0,0,0,0,0,0,0,0,0,0,0,0,validation_failed,"[{'row': 345, 'column': 'teamName', 'value': 'HST', 'error': 'Invalid value HST for teamName'}]"
361,360,DeAndre Carter,WR,9,17.0,41.3,0,0.0,0.0,0.0,0.0,0.0,0.0,0.0,0.0,0.0,25.3651,16.6508,180.4346,1.0845,0.0,0.0,0.0573,1156.1478,0.4911,0,0,0,0,0,0,0,0,0,0,0,0,0,0,0,0,0,0,0,0,0,0,0,0,0,0,0,0,0,0,0,0,0,0,0,0,0,validation_failed,"[{'row': 361, 'column': 'teamName', 'value': 'CLV', 'error': 'Invalid value CLV for teamName'}]"
362,361,Colby Parkinson,TE,8,17.0,21.8,0,0.0,0.0,0.0,0.0,0.0,0.0,0.0,0.0,0.0,12.2293,8.8343,85.59,0.7275,0.0,0.0,0.0326,0,0,0,0,0,0,0,0,0,0,0,0,0,0,0,0,0,0,0,0,0,0,0,0,0,0,0,0,0,0,0,0,0,0,0,0,0,0,0,validation_failed,"[{'row': 362, 'column': 'teamName', 'value': 'LA', 'error': 'Invalid value LA for teamName'}]"
366,365,Charlie Kolar,TE,7,17.0,19.7,0,0.0,0.0,0.0,0.0,0.0,0.0,0.0,0.0,0.0,10.8761,8.1458,79.0939,0.5917,0.0,0.0,0.0371,0,0,0,0,0,0,0,0,0,0,0,0,0,0,0,0,0,0,0,0,0,0,0,0,0,0,0,0,0,0,0,0,0,0,0,0,0,0,0,validation_failed,"[{'row': 366, 'column': 'teamName', 'value': 'BLT', 'error': 'Invalid value BLT for teamName'}]"
369,368,David Bell,WR,9,17.0,38.1,0,0.0,0.0,0.0,0.0,0.0,0.0,0.0,0.0,0.0,23.5092,16.1488,162.2728,0.9305,0.0,0.0,0.0531,0,0,0,0,0,0,0,0,0,0,0,0,0,0,0,0,0,0,0,0,0,0,0,0,0,0,0,0,0,0,0,0,0,0,0,0,0,0,0,validation_failed,"[{'row': 369, 'column': 'teamName', 'value': 'CLV', 'error': 'Invalid value CLV for teamName'}]"
372,371,Blake Whiteheart,TE,9,17.0,17.6,0,0.0,0.0,0.0,0.0,0.0,0.0,0.0,0.0,0.0,10.5173,7.547,70.1306,0.5054,0.0,0.0,0.0237,0,0,0,0,0,0,0,0,0,0,0,0,0,0,0,0,0,0,0,0,0,0,0,0,0,0,0,0,0,0,0,0,0,0,0,0,0,0,0,validation_failed,"[{'row': 372, 'column': 'teamName', 'value': 'CLV', 'error': 'Invalid value CLV for teamName'}]"
383,382,Tip Reiman,TE,8,17.0,12.4,0,0.0,0.0,0.0,0.0,0.0,0.0,0.0,0.0,0.0,7.222,5.3772,48.3774,0.3574,0.0,0.0,0.0196,0,0,0,0,0,0,0,0,0,0,0,0,0,0,0,0,0,0,0,0,0,0,0,0,0,0,0,0,0,0,0,0,0,0,0,0,0,0,0,validation_failed,"[{'row': 383, 'column': 'teamName', 'value': 'ARZ', 'error': 'Invalid value ARZ for teamName'}]"
419,418,Simi Fehoko,WR,8,17.0,19.3,0,0.0,0.0,0.0,0.0,0.0,0.0,0.0,0.0,0.0,11.6664,7.2024,88.1085,0.5297,0.0,0.0,0.0316,0,0,0,0,0,0,0,0,0,0,0,0,0,0,0,0,0,0,0,0,0,0,0,0,0,0,0,0,0,0,0,0,0,0,0,0,0,0,0,validation_failed,"[{'row': 419, 'column': 'teamName', 'value': 'ARZ', 'error': 'Invalid value ARZ for teamName'}]"
422,421,Devontez Walker,WR,7,17.0,17.9,0,0.0,0.0,0.0,0.0,0.0,0.0,0.0,0.0,0.0,10.3582,6.4314,82.7717,0.5236,0.0,0.0,0.0353,0,0,0,0,0,0,0,0,0,0,0,0,0,0,0,0,0,0,0,0,0,0,0,0,0,0,0,0,0,0,0,0,0,0,0,0,0,0,0,validation_failed,"[{'row': 422, 'column': 'teamName', 'value': 'BLT', 'error': 'Invalid value BLT for teamName'}]"
425,424,Kaden Davis,WR,9,17.0,17.4,0,0.0,0.0,0.0,0.0,0.0,0.0,0.0,0.0,0.0,10.5173,6.7241,80.1547,0.4331,0.0,0.0,0.0237,0,0,0,0,0,0,0,0,0,0,0,0,0,0,0,0,0,0,0,0,0,0,0,0,0,0,0,0,0,0,0,0,0,0,0,0,0,0,0,validation_failed,"[{'row': 425, 'column': 'teamName', 'value': 'CLV', 'error': 'Invalid value CLV for teamName'}]"
438,437,Tylan Wallace,WR,7,17.0,12.0,0,0.0,0.0,0.0,0.0,0.0,0.0,0.0,0.0,0.0,6.7328,4.6183,55.8302,0.2994,0.0,0.0,0.023,286.4778,0.2466,0,0,0,0,0,0,0,0,0,0,0,0,0,0,0,0,0,0,0,0,0,0,0,0,0,0,0,0,0,0,0,0,0,0,0,0,0,validation_failed,"[{'row': 438, 'column': 'teamName', 'value': 'BLT', 'error': 'Invalid value BLT for teamName'}]"
447,446,LaJohntay Wester,WR,7,17.0,8.2,0,0.0,0.0,0.0,0.0,0.0,0.0,0.0,0.0,0.0,4.6612,3.0494,37.5972,0.2232,0.0,0.0,0.0159,0,0,0,0,0,0,0,0,0,0,0,0,0,0,0,0,0,0,0,0,0,0,0,0,0,0,0,0,0,0,0,0,0,0,0,0,0,0,0,validation_failed,"[{'row': 447, 'column': 'teamName', 'value': 'BLT', 'error': 'Invalid value BLT for teamName'}]"
453,452,Xavier Weaver,WR,8,17.0,6.5,0,0.0,0.0,0.0,0.0,0.0,0.0,0.0,0.0,0.0,3.8888,2.4479,29.8727,0.1761,0.0,0.0,0.0105,0,0,0,0,0,0,0,0,0,0,0,0,0,0,0,0,0,0,0,0,0,0,0,0,0,0,0,0,0,0,0,0,0,0,0,0,0,0,0,validation_failed,"[{'row': 453, 'column': 'teamName', 'value': 'ARZ', 'error': 'Invalid value ARZ for teamName'}]"
454,453,Xavier Hutchinson,WR,6,17.0,5.5,0,0.0,0.0,0.0,0.0,0.0,0.0,0.0,0.0,0.0,3.4412,2.2058,24.7695,0.1385,0.0,0.0,0.0085,0,0,0,0,0,0,0,0,0,0,0,0,0,0,0,0,0,0,0,0,0,0,0,0,0,0,0,0,0,0,0,0,0,0,0,0,0,0,0,validation_failed,"[{'row': 454, 'column': 'teamName', 'value': 'HST', 'error': 'Invalid value HST for teamName'}]"
459,458,Justin Watson,WR,6,17.0,3.9,0,0.0,0.0,0.0,0.0,0.0,0.0,0.0,0.0,0.0,2.2941,1.3966,18.3708,0.1069,0.0,0.0,0.0057,0,0,0,0,0,0,0,0,0,0,0,0,0,0,0,0,0,0,0,0,0,0,0,0,0,0,0,0,0,0,0,0,0,0,0,0,0,0,0,validation_failed,"[{'row': 459, 'column': 'teamName', 'value': 'HST', 'error': 'Invalid value HST for teamName'}]"
460,459,Tejhaun Palmer,WR,8,17.0,3.8,0,0.0,0.0,0.0,0.0,0.0,0.0,0.0,0.0,0.0,2.2222,1.4533,17.2802,0.0972,0.0,0.0,0.006,0,0,0,0,0,0,0,0,0,0,0,0,0,0,0,0,0,0,0,0,0,0,0,0,0,0,0,0,0,0,0,0,0,0,0,0,0,0,0,validation_failed,"[{'row': 460, 'column': 'teamName', 'value': 'ARZ', 'error': 'Invalid value ARZ for teamName'}]"
465,464,Braxton Berrios,WR,6,17.0,0.0,0,0.0,0.0,0.0,0.0,0.0,0.0,0.0,0.0,0.0,0.0,0.0,0.0,0.0,0.0,0.0,0.0,810.0839,0.3941,0,0,0,0,0,0,0,0,0,0,0,0,0,0,0,0,0,0,0,0,0,0,0,0,0,0,0,0,0,0,0,0,0,0,0,0,0,validation_failed,"[{'row': 465, 'column': 'teamName', 'value': 'HST', 'error': 'Invalid value HST for teamName'}]"
474,473,Xavier Smith,WR,8,17.0,0.0,0,0.0,0.0,0.0,0.0,0.0,0.0,0.0,0.0,0.0,0.0,0.0,0.0,0.0,0.0,0.0,0.0,308.032,0.2651,0,0,0,0,0,0,0,0,0,0,0,0,0,0,0,0,0,0,0,0,0,0,0,0,0,0,0,0,0,0,0,0,0,0,0,0,0,validation_failed,"[{'row': 474, 'column': 'teamName', 'value': 'LA', 'error': 'Invalid value LA for teamName'}]"
479,478,Kenny Pickett,QB,9,17.0,52.9,0,71.9746,106.1407,717.2417,3.9928,2.0897,8.0299,20.8369,49.1035,0.8152,0.0,0.0,0.0,0.0,0.0,0.0,0.2687,0,0,0,0,0,0,0,0,0,0,0,0,0,0,0,0,0,0,0,0,0,0,0,0,0,0,0,0,0,0,0,0,0,0,0,0,0,0,0,validation_failed,"[{'row': 479, 'column': 'teamName', 'value': 'CLV', 'error': 'Invalid value CLV for teamName'}]"
483,482,Jimmy Garoppolo,QB,8,17.0,41.7,0,61.4564,86.6886,653.627,3.814,2.2176,5.8591,3.1698,17.5226,0.0427,0.0,0.0,0.0,0.0,0.0,0.0,0.2355,0,0,0,0,0,0,0,0,0,0,0,0,0,0,0,0,0,0,0,0,0,0,0,0,0,0,0,0,0,0,0,0,0,0,0,0,0,0,0,validation_failed,"[{'row': 483, 'column': 'teamName', 'value': 'LA', 'error': 'Invalid value LA for teamName'}]"
486,485,Jacoby Brissett,QB,8,17.0,37.8,0,57.0147,83.2668,561.6049,3.1752,1.7789,6.5082,5.7861,36.8078,0.0444,0.0,0.0,0.0,0.0,0.0,0.0,0.2276,0,0,0,0,0,0,0,0,0,0,0,0,0,0,0,0,0,0,0,0,0,0,0,0,0,0,0,0,0,0,0,0,0,0,0,0,0,0,0,validation_failed,"[{'row': 486, 'column': 'teamName', 'value': 'ARZ', 'error': 'Invalid value ARZ for teamName'}]"
493,492,Cooper Rush,QB,7,17.0,29.4,0,49.5743,73.6966,480.6822,2.5415,1.7573,4.5528,2.3519,10.8189,0.0294,0.0,0.0,0.0,0.0,0.0,0.0,0.2325,0,0,0,0,0,0,0,0,0,0,0,0,0,0,0,0,0,0,0,0,0,0,0,0,0,0,0,0,0,0,0,0,0,0,0,0,0,0,0,validation_failed,"[{'row': 493, 'column': 'teamName', 'value': 'BLT', 'error': 'Invalid value BLT for teamName'}]"
497,496,Davis Mills,QB,6,17.0,27.3,0,44.5719,67.0928,437.8566,2.2873,1.627,4.6788,3.0824,17.5023,0.0336,0.0,0.0,0.0,0.0,0.0,0.0,0.1652,0,0,0,0,0,0,0,0,0,0,0,0,0,0,0,0,0,0,0,0,0,0,0,0,0,0,0,0,0,0,0,0,0,0,0,0,0,0,0,validation_failed,"[{'row': 497, 'column': 'teamName', 'value': 'HST', 'error': 'Invalid value HST for teamName'}]"
503,502,Dillon Gabriel,QB,9,17.0,14.9,0,23.7666,35.3119,230.3088,1.1548,0.9401,3.0551,2.6137,16.2071,0.0371,0.0,0.0,0.0,0.0,0.0,0.0,0.0841,0,0,0,0,0,0,0,0,0,0,0,0,0,0,0,0,0,0,0,0,0,0,0,0,0,0,0,0,0,0,0,0,0,0,0,0,0,0,0,validation_failed,"[{'row': 503, 'column': 'teamName', 'value': 'CLV', 'error': 'Invalid value CLV for teamName'}]"
504,503,Shedeur Sanders,QB,9,17.0,14.9,0,23.7666,35.3119,230.2681,1.1548,0.9401,3.0551,2.6137,16.2071,0.0371,0.0,0.0,0.0,0.0,0.0,0.0,0.0841,0,0,0,0,0,0,0,0,0,0,0,0,0,0,0,0,0,0,0,0,0,0,0,0,0,0,0,0,0,0,0,0,0,0,0,0,0,0,0,validation_failed,"[{'row': 504, 'column': 'teamName', 'value': 'CLV', 'error': 'Invalid value CLV for teamName'}]"
514,513,Tyler Loop,K,7,17.0,151.9,0,0.0,0.0,0.0,0.0,0.0,0.0,0.0,0.0,0.0,0.0,0.0,0.0,0.0,0.0,0.0,0.0,0,0,0,0,7.739,7.8891,9.1717,9.8323,7.7896,9.8091,5.065,7.3936,44.6829,47.2096,0,0,0,0,0,0,0,0,0,0,0,0,0,0,0,0,0,0,0,0,0,0,0,0,0,validation_failed,"[{'row': 514, 'column': 'teamName', 'value': 'BLT', 'error': 'Invalid value BLT for teamName'}]"
522,521,Joshua Karty,K,8,17.0,146.6,0,0.0,0.0,0.0,0.0,0.0,0.0,0.0,0.0,0.0,0.0,0.0,0.0,0.0,0.0,0.0,0.0,0,0,0,0,7.6873,7.829,9.1319,9.7575,7.809,9.7344,5.105,7.3373,39.3663,41.4834,0,0,0,0,0,0,0,0,0,0,0,0,0,0,0,0,0,0,0,0,0,0,0,0,0,validation_failed,"[{'row': 522, 'column': 'teamName', 'value': 'LA', 'error': 'Invalid value LA for teamName'}]"
525,524,Ka'imi Fairbairn,K,6,17.0,144.9,0,0.0,0.0,0.0,0.0,0.0,0.0,0.0,0.0,0.0,0.0,0.0,0.0,0.0,0.0,0.0,0.0,0,0,0,0,7.6664,7.7904,9.1589,9.7094,7.9634,9.6864,5.2765,7.3011,36.1786,37.8857,0,0,0,0,0,0,0,0,0,0,0,0,0,0,0,0,0,0,0,0,0,0,0,0,0,validation_failed,"[{'row': 525, 'column': 'teamName', 'value': 'HST', 'error': 'Invalid value HST for teamName'}]"
528,527,Chad Ryland,K,8,17.0,142.3,0,0.0,0.0,0.0,0.0,0.0,0.0,0.0,0.0,0.0,0.0,0.0,0.0,0.0,0.0,0.0,0.0,0,0,0,0,7.5634,7.7147,8.9498,9.615,7.5678,9.5922,4.9039,7.2301,38.0123,40.2302,0,0,0,0,0,0,0,0,0,0,0,0,0,0,0,0,0,0,0,0,0,0,0,0,0,validation_failed,"[{'row': 528, 'column': 'teamName', 'value': 'ARZ', 'error': 'Invalid value ARZ for teamName'}]"
540,539,Dustin Hopkins,K,9,17.0,133.8,0,0.0,0.0,0.0,0.0,0.0,0.0,0.0,0.0,0.0,0.0,0.0,0.0,0.0,0.0,0.0,0.0,0,0,0,0,7.1428,7.2857,8.4523,9.0803,7.1473,9.0588,4.6314,6.8281,35.2678,37.3253,0,0,0,0,0,0,0,0,0,0,0,0,0,0,0,0,0,0,0,0,0,0,0,0,0,validation_failed,"[{'row': 540, 'column': 'teamName', 'value': 'CLV', 'error': 'Invalid value CLV for teamName'}]"
550,549,Browns DST,DST,9,17.0,113.4,0,0.0,0.0,0.0,0.0,0.0,0.0,0.0,0.0,0.0,0.0,0.0,0.0,0.0,0.0,0.0,0.0,0,0,0,0,0,0,0,0,0,0,0,0,0,0,47.9457,0.3908,11.526,16.5423,8.1582,1.6768,1477.5461,0.5495,0.2447,0.6375,2.4019,4.6751,4.2658,3.0494,1.7255,0,0,0,0,0,0,0,0,0,0,validation_failed,"[{'row': 550, 'column': 'teamName', 'value': 'CLV', 'error': 'Invalid value CLV for teamName'}]"
552,551,Texans DST,DST,6,17.0,113.3,0,0.0,0.0,0.0,0.0,0.0,0.0,0.0,0.0,0.0,0.0,0.0,0.0,0.0,0.0,0.0,0.0,0,0,0,0,0,0,0,0,0,0,0,0,0,0,44.0198,0.3865,12.3493,15.7773,7.8042,1.7252,1521.1726,0.5796,0.2466,0.6124,2.7265,4.7205,4.2974,2.9481,1.4485,0,0,0,0,0,0,0,0,0,0,validation_failed,"[{'row': 552, 'column': 'teamName', 'value': 'HST', 'error': 'Invalid value HST for teamName'}]"
554,553,Rams DST,DST,8,17.0,112.7,0,0.0,0.0,0.0,0.0,0.0,0.0,0.0,0.0,0.0,0.0,0.0,0.0,0.0,0.0,0.0,0.0,0,0,0,0,0,0,0,0,0,0,0,0,0,0,43.5843,0.3874,12.6162,15.7797,7.7986,1.7495,1601.6395,0.6011,0.249,0.6292,2.5593,4.7375,4.3129,2.9618,1.5504,0,0,0,0,0,0,0,0,0,0,validation_failed,"[{'row': 554, 'column': 'teamName', 'value': 'LA', 'error': 'Invalid value LA for teamName'}]"
558,557,Ravens DST,DST,7,17.0,110.0,0,0.0,0.0,0.0,0.0,0.0,0.0,0.0,0.0,0.0,0.0,0.0,0.0,0.0,0.0,0.0,0.0,0,0,0,0,0,0,0,0,0,0,0,0,0,0,39.9945,0.3876,13.0196,15.1592,7.5309,1.765,1731.9162,0.6373,0.2473,0.64,2.6424,4.6636,4.2839,2.9919,1.5309,0,0,0,0,0,0,0,0,0,0,validation_failed,"[{'row': 558, 'column': 'teamName', 'value': 'BLT', 'error': 'Invalid value BLT for teamName'}]"
563,562,Cardinals DST,DST,8,17.0,108.5,0,0.0,0.0,0.0,0.0,0.0,0.0,0.0,0.0,0.0,0.0,0.0,0.0,0.0,0.0,0.0,0.0,0,0,0,0,0,0,0,0,0,0,0,0,0,0,38.5362,0.3869,13.1314,15.1208,7.4748,1.7699,1575.0008,0.5948,0.2481,0.6309,2.6005,4.751,4.3252,2.9374,1.507,0,0,0,0,0,0,0,0,0,0,validation_failed,"[{'row': 563, 'column': 'teamName', 'value': 'ARZ', 'error': 'Invalid value ARZ for teamName'}]"
