"Player","Team","POS","ATT","YDS","TDS","REC","YDS","TDS","FL","FPTS"
" "," ","","",""
"Ja'Marr Chase","CIN","WR1","1.6","12.7","0.0","120.7","1,586.1","12.2","0.6","353.0"
"Bijan Robinson","ATL","RB1","304.1","1,418.9","11.4","57.7","438.5","2.2","1.4","322.2"
"Saquon Barkley","PHI","RB2","327.8","1,649.3","10.8","43.5","332.5","2.2","1.4","316.8"
"Jahmyr Gibbs","DET","RB3","240.0","1,240.0","11.7","57.7","507.0","2.8","1.3","316.4"
"Justin Jefferson","MIN","WR2","0.5","2.2","0.0","105.2","1,459.6","9.6","0.6","307.7"
"CeeDee Lamb","DAL","WR3","9.2","59.3","0.3","110.9","1,385.7","8.0","1.0","303.1"
"Christian McCaffrey","SF","RB4","240.4","1,092.3","8.0","64.3","558.2","3.5","1.8","294.4"
"Puka Nacua","LAR","WR4","10.7","61.2","0.6","104.9","1,362.7","6.9","0.6","291.1"
"Malik Nabers","NYG","WR5","2.6","12.2","0.0","107.0","1,343.3","8.2","0.6","290.8"
"Amon-Ra St. Brown","DET","WR6","1.9","12.6","0.1","110.3","1,263.3","8.8","0.9","289.2"
"De'Von Achane","MIA","RB5","216.9","1,010.4","7.6","68.7","506.0","3.9","1.3","286.4"
"Nico Collins","HOU","WR7","0.0","1.6","0.0","92.1","1,311.9","8.9","0.5","275.7"
"Brian Thomas Jr.","JAC","WR8","3.8","24.9","0.0","91.9","1,298.2","8.6","0.6","274.7"
"Derrick Henry","BAL","RB6","306.0","1,553.4","13.7","16.4","153.7","0.9","1.4","272.0"
"Drake London","ATL","WR9","0.3","2.0","0.0","95.9","1,232.8","8.2","0.6","267.5"
"Josh Jacobs","GB","RB7","290.6","1,232.5","11.4","37.9","315.9","1.5","1.5","267.1"
"Ashton Jeanty","LV","RB8","272.8","1,219.6","9.0","45.9","361.4","1.9","2.4","264.3"
"Tyreek Hill","MIA","WR10","7.2","40.7","0.1","94.2","1,182.8","7.7","0.6","262.5"
"Chase Brown","CIN","RB9","242.9","1,026.4","8.3","55.0","385.9","2.7","1.4","259.4"
"Jonathan Taylor","IND","RB10","310.1","1,411.7","10.6","28.6","205.1","1.3","1.6","258.7"
"A.J. Brown","PHI","WR11","0.0","0.0","0.0","84.9","1,243.6","8.4","0.9","257.6"
"Ladd McConkey","LAC","WR12","0.0","1.4","0.0","90.5","1,209.4","7.4","0.7","254.4"
"Bucky Irving","TB","RB11","244.1","1,157.7","8.5","45.1","349.8","1.7","1.4","254.0"
"Brock Bowers","LV","TE1","0.0","8.0","0.0","105.2","1,117.0","6.0","0.5","253.0"
"Kyren Williams","LAR","RB12","284.2","1,223.5","11.4","33.7","213.6","1.7","2.3","251.5"
"Tee Higgins","CIN","WR13","0.0","0.0","0.0","86.6","1,099.8","8.9","0.9","248.3"
"Mike Evans","TB","WR14","0.0","0.0","0.0","79.7","1,071.3","9.9","0.5","245.5"
"Jaxon Smith-Njigba","SEA","WR15","2.7","20.7","0.0","93.7","1,102.8","6.6","0.6","244.5"
"Davante Adams","LAR","WR16","0.3","0.0","0.0","85.2","1,100.3","8.3","0.5","244.3"
"Trey McBride","ARI","TE2","0.0","1.5","0.0","104.4","1,053.3","5.8","0.5","243.9"
"Alvin Kamara","NO","RB13","222.5","923.7","5.3","62.4","470.0","2.0","1.3","242.9"
"Terry McLaurin","WAS","WR17","1.1","4.8","0.0","82.8","1,103.4","8.0","0.9","240.0"
"Garrett Wilson","NYJ","WR18","1.9","13.5","0.0","90.5","1,082.4","6.0","1.3","233.2"
"James Cook","BUF","RB14","232.1","1,087.7","9.7","31.4","258.9","1.9","1.4","232.9"
"DK Metcalf","PIT","WR19","0.0","1.2","0.0","77.8","1,137.8","7.3","1.3","232.6"
"Marvin Harrison Jr.","ARI","WR20","0.0","3.2","0.0","78.9","1,090.2","7.6","1.0","231.9"
"DJ Moore","CHI","WR21","9.5","53.8","0.1","87.1","1,013.6","6.3","0.9","230.8"
"James Conner","ARI","RB15","218.1","986.1","8.1","40.7","313.0","1.7","1.4","226.1"
"Breece Hall","NYJ","RB16","218.3","977.6","5.8","46.2","377.3","1.9","1.6","224.9"
"George Kittle","SF","TE3","0.0","0.0","0.0","76.1","1,031.1","7.5","0.5","223.0"
"Zay Flowers","BAL","WR22","8.2","48.4","0.1","75.9","1,033.4","6.3","0.5","221.5"
"Xavier Worthy","KC","WR23","15.4","84.4","1.5","72.0","894.8","7.2","0.5","221.1"
"Courtland Sutton","DEN","WR24","0.0","0.2","0.0","76.4","1,013.4","7.4","0.9","220.3"
"Chuba Hubbard","CAR","RB17","246.3","1,087.6","8.0","37.9","230.7","1.0","1.8","220.1"
"Omarion Hampton","LAC","RB18","227.0","990.5","8.8","35.8","277.3","1.5","2.1","220.0"
"Kenneth Walker III","SEA","RB19","232.4","944.9","7.9","42.4","301.2","1.2","1.3","219.4"
"DeVonta Smith","PHI","WR25","0.3","1.2","0.0","81.2","976.9","6.8","0.5","218.8"
"Jerry Jeudy","CLE","WR26","0.3","4.8","0.0","82.0","1,105.0","4.1","0.6","216.7"
"Calvin Ridley","TEN","WR27","5.6","33.4","0.3","70.0","1,025.4","6.0","0.9","211.8"
"George Pickens","DAL","WR28","1.0","6.2","0.0","69.2","1,012.7","6.4","0.9","208.0"
"Jameson Williams","DET","WR29","7.4","63.4","0.8","60.8","963.5","6.1","0.5","203.9"
"D'Andre Swift","CHI","RB20","237.0","961.5","6.1","36.6","284.2","1.2","1.1","203.1"
"Tetairoa McMillan","CAR","WR30","0.5","7.4","0.0","73.7","962.1","5.8","1.2","203.0"
"Aaron Jones Sr.","MIN","RB21","198.2","887.0","4.4","44.8","328.8","2.3","1.8","202.7"
"Jaylen Waddle","MIA","WR31","2.5","16.1","0.1","75.5","965.3","4.9","0.5","202.1"
"Tony Pollard","TEN","RB22","233.3","979.8","5.5","40.0","257.5","0.9","1.0","200.0"
"Jakobi Meyers","LV","WR32","1.2","8.9","0.0","78.6","916.8","4.9","0.5","199.4"
"David Montgomery","DET","RB23","199.1","836.9","9.0","31.4","257.8","0.9","1.0","198.1"
"TreVeyon Henderson","NE","RB24","212.8","933.2","6.1","33.7","264.1","1.7","1.7","197.1"
"Deebo Samuel Sr.","WAS","WR33","29.2","124.2","1.2","65.0","829.6","5.1","1.0","196.3"
"Chris Olave","NO","WR34","0.3","2.8","0.0","76.9","947.3","4.4","1.3","196.0"
"Stefon Diggs","NE","WR35","1.3","6.9","0.2","77.5","852.1","5.2","0.5","194.6"
"Michael Pittman Jr.","IND","WR36","0.3","2.0","0.0","78.4","887.6","4.2","0.9","190.9"
"Travis Hunter","JAC","WR37","3.8","21.7","0.1","68.5","890.2","5.2","0.8","190.0"
"Matthew Golden","GB","WR38","0.5","9.4","0.0","64.1","891.2","6.0","0.8","188.4"
"Rashee Rice","KC","WR39","1.1","4.5","0.0","70.9","831.8","5.8","0.6","188.3"
"Travis Kelce","KC","TE4","0.0","0.5","0.0","81.0","773.5","5.2","0.9","188.1"
"Jauan Jennings","SF","WR40","2.4","10.8","0.1","66.8","879.8","5.2","0.6","186.4"
"RJ Harvey","DEN","RB25","190.9","821.6","5.7","35.3","269.4","1.7","1.3","186.0"
"Rome Odunze","CHI","WR41","1.3","8.0","0.0","65.7","885.7","5.4","0.9","185.5"
"Cooper Kupp","SEA","WR42","1.3","9.0","0.0","72.5","805.2","5.3","0.6","184.9"
"Sam LaPorta","DET","TE5","0.0","0.0","0.0","68.3","765.9","6.8","0.4","184.8"
"Khalil Shakir","BUF","WR43","0.3","3.0","0.0","71.9","813.7","4.9","0.6","181.8"
"Tyrone Tracy Jr.","NYG","RB26","192.7","828.9","5.4","36.1","268.1","1.1","1.6","181.2"
"Isiah Pacheco","KC","RB27","203.0","841.4","5.9","33.7","231.1","1.1","1.0","180.7"
"Ricky Pearsall","SF","WR44","7.0","54.0","0.3","60.6","816.6","5.1","0.6","179.3"
"T.J. Hockenson","MIN","TE6","0.0","0.0","0.0","74.1","775.9","4.7","0.5","178.7"
"David Njoku","CLE","TE7","0.0","0.0","0.0","76.9","738.9","4.9","0.8","178.6"
"Jordan Addison","MIN","WR45","0.9","8.9","0.2","60.6","785.5","6.0","0.4","176.4"
"Rashid Shaheed","NO","WR46","7.7","47.2","0.1","58.0","861.7","4.9","1.3","176.4"
"Chris Godwin Jr.","TB","WR47","1.2","7.9","0.0","67.4","778.7","5.1","0.6","175.7"
"Jaylen Warren","PIT","RB28","149.6","668.3","3.6","47.5","347.2","1.1","1.1","175.1"
"Emeka Egbuka","TB","WR48","1.6","11.5","0.0","62.5","794.1","5.5","1.1","174.2"
"Mark Andrews","BAL","TE8","0.0","2.0","0.0","58.8","701.2","7.7","0.8","173.4"
"Josh Downs","IND","WR49","0.3","5.8","0.0","69.3","769.9","4.5","0.5","172.9"
"Jayden Reed","GB","WR50","11.8","93.5","0.7","54.9","736.0","5.3","0.9","172.4"
"Keon Coleman","BUF","WR51","0.3","3.8","0.0","52.4","824.1","6.1","0.5","170.8"
"Austin Ekeler","WAS","RB29","108.7","487.7","4.7","47.1","386.3","1.8","1.4","170.3"
"Darnell Mooney","ATL","WR52","0.0","1.5","0.0","58.6","830.9","4.5","0.4","168.0"
"Kaleb Johnson","PIT","RB30","196.7","828.8","6.2","23.2","178.0","1.0","1.7","163.8"
"Tyler Warren","IND","TE9","0.0","10.5","0.0","63.2","681.6","4.9","1.1","159.7"
"Marvin Mims Jr.","DEN","WR53","11.9","49.4","0.1","52.6","694.1","5.3","0.6","158.7"
"Evan Engram","DEN","TE10","0.0","0.0","0.0","70.1","626.5","4.2","0.9","156.0"
"Joe Mixon","HOU","RB31","169.2","655.2","5.8","27.4","219.2","1.3","0.9","155.9"
"Travis Etienne Jr.","JAC","RB32","147.5","597.0","3.9","38.4","284.9","1.2","0.9","154.8"
"Adam Thielen","CAR","WR54","0.0","1.8","0.0","61.5","656.2","4.4","0.5","152.4"
"Javonte Williams","DAL","RB33","167.8","644.0","4.4","34.4","220.2","0.9","0.6","151.4"
"Wan'Dale Robinson","NYG","WR55","2.0","15.6","0.0","69.4","625.3","3.1","0.5","151.3"
"Cedric Tillman","CLE","WR56","0.7","0.8","0.0","57.0","715.5","4.0","0.9","150.9"
"Jake Ferguson","DAL","TE11","0.0","0.0","0.0","67.9","623.0","3.8","1.2","150.6"
"Zach Charbonnet","SEA","RB34","135.9","585.4","4.9","33.7","247.9","0.9","0.8","150.3"
"Marquise Brown","KC","WR57","0.3","2.0","0.0","55.2","681.1","4.5","0.2","150.1"
"Tucker Kraft","GB","TE12","0.0","0.0","0.0","55.2","652.7","4.8","0.8","147.7"
"Jacory Croskey-Merritt","WAS","RB35","163.8","687.0","6.0","21.1","167.8","1.2","0.9","147.5"
"Keenan Allen","LAC","WR58","0.3","2.0","0.0","55.6","640.2","4.8","0.6","147.4"
"Rashod Bateman","BAL","WR59","0.0","0.6","0.0","45.5","685.9","5.6","0.1","147.3"
"J.K. Dobbins","DEN","RB36","147.1","653.5","4.8","29.5","189.3","1.2","1.2","147.3"
"Christian Kirk","HOU","WR60","0.7","4.0","0.0","54.1","696.5","3.6","0.8","144.2"
"Dallas Goedert","PHI","TE13","0.0","2.0","0.0","57.7","635.8","3.9","0.5","144.0"
"Zach Ertz","WAS","TE14","0.0","0.0","0.0","57.9","537.0","5.1","0.1","141.7"
"Xavier Legette","CAR","WR61","6.2","28.9","0.1","54.5","617.0","3.8","0.5","141.4"
"Dalton Kincaid","BUF","TE15","0.0","0.0","0.0","57.1","603.9","4.0","0.5","140.7"
"Rhamondre Stevenson","NE","RB37","154.2","625.0","4.9","27.3","173.9","1.1","1.5","140.2"
"Kyle Pitts Sr.","ATL","TE16","0.0","0.0","0.0","50.9","641.8","4.2","0.1","140.1"
"Quinshon Judkins","CLE","RB38","176.7","705.1","4.6","21.2","163.1","0.9","1.3","138.9"
"Jayden Higgins","HOU","WR62","0.7","4.0","0.0","49.9","660.3","3.8","0.4","138.3"
"DeMario Douglas","NE","WR63","2.1","15.9","0.0","56.5","597.7","3.2","0.2","136.6"
"Jordan Mason","MIN","RB39","163.6","753.7","4.6","16.9","123.5","0.7","0.7","134.8"
"Hunter Henry","NE","TE17","0.0","0.0","0.0","54.9","574.3","3.9","0.4","134.7"
"Rachaad White","TB","RB40","105.3","423.1","2.7","35.6","269.7","2.1","1.3","131.1"
"Colston Loveland","CHI","TE18","0.0","0.0","0.0","53.6","562.6","3.8","0.8","131.0"
"Tyler Lockett","TEN","WR64","0.0","0.0","0.0","50.8","586.7","3.5","0.1","130.1"
"Romeo Doubs","GB","WR65","0.0","0.5","0.0","46.2","587.5","4.3","0.5","129.6"
"Cade Otton","TB","TE19","0.0","0.0","0.0","52.0","530.0","4.2","0.5","129.4"
"Brenton Strange","JAC","TE20","0.0","0.0","0.0","55.2","550.4","3.3","0.5","129.0"
"Tyjae Spears","TEN","RB41","117.2","454.9","3.3","32.2","243.6","1.0","0.9","126.2"
"Jerome Ford","CLE","RB42","127.6","534.4","3.0","30.0","205.5","1.0","0.8","126.2"
"Chig Okonkwo","TEN","TE21","0.0","3.0","0.0","54.7","546.7","3.0","0.8","126.0"
"Luther Burden III","CHI","WR66","3.6","27.2","0.4","46.0","558.6","3.3","1.1","124.1"
"Jonnu Smith","PIT","TE22","0.0","1.5","0.0","50.4","522.8","3.8","0.9","123.7"
"Darren Waller","MIA","TE23","0.0","0.0","0.0","49.5","545.9","3.2","0.1","122.9"
"Joshua Palmer","BUF","WR67","0.0","0.5","0.0","42.1","588.8","3.5","0.1","122.0"
"Mike Gesicki","CIN","TE24","0.0","0.0","0.0","51.0","502.7","3.4","0.4","120.9"
"Brandon Aiyuk","SF","WR68","1.1","4.8","0.0","40.0","611.9","3.2","0.5","120.3"
"Michael Wilson","ARI","WR69","1.9","8.9","0.1","43.8","525.1","3.9","0.5","120.2"
"Isaiah Likely","BAL","TE25","0.0","0.0","0.0","41.4","491.0","4.8","0.7","118.0"
"Dalton Schultz","HOU","TE26","0.0","0.0","0.0","48.7","502.4","3.1","0.4","116.9"
"Cam Skattebo","NYG","RB43","122.4","522.3","3.2","23.8","184.8","0.9","1.2","116.8"
"Pat Freiermuth","PIT","TE27","0.0","0.0","0.0","49.9","480.4","3.3","0.9","116.1"
"Tank Bigsby","JAC","RB44","160.7","654.4","5.2","12.0","87.0","0.2","1.2","116.1"
"Juwan Johnson","NO","TE28","0.0","0.0","0.0","47.4","487.5","3.2","0.2","115.1"
"Tre' Harris","LAC","WR70","0.7","3.8","0.0","40.8","544.2","3.4","0.7","114.7"
"Calvin Austin III","PIT","WR71","2.3","11.8","0.1","39.6","529.0","3.4","0.5","113.2"
"Ray-Ray McCloud III","ATL","WR72","7.5","52.8","0.2","44.5","486.5","2.6","1.2","112.3"
"Mason Taylor","NYJ","TE29","0.0","0.0","0.0","48.1","484.9","2.7","0.8","111.4"
"Dylan Sampson","CLE","RB45","120.4","504.7","2.6","22.9","178.4","0.9","0.8","111.1"
"Tyler Higbee","LAR","TE30","0.0","0.0","0.0","45.3","424.9","3.7","0.1","109.7"
"Nick Chubb","HOU","RB46","129.9","554.9","4.8","11.4","86.6","0.9","0.5","109.0"
"Theo Johnson","NYG","TE31","0.0","0.0","0.0","43.5","478.1","2.7","0.1","107.3"
"Dyami Brown","JAC","WR73","0.7","6.8","0.0","39.2","504.4","2.8","0.5","106.3"
"Alec Pierce","IND","WR74","0.0","0.0","0.0","31.3","539.0","3.5","0.1","105.8"
"Jaydon Blue","DAL","RB47","108.6","480.5","2.9","20.6","161.7","0.8","0.8","105.5"
"Quentin Johnston","LAC","WR75","1.7","7.2","0.0","34.6","453.7","4.1","0.4","104.7"
"Darius Slayton","NYG","WR76","1.4","6.4","0.0","35.6","534.0","2.5","0.2","104.5"
"Tutu Atwell","LAR","WR77","4.3","20.2","0.1","39.1","497.2","2.2","0.1","104.3"
"Trey Benson","ARI","RB48","127.6","567.7","3.7","13.7","105.2","0.4","0.9","104.2"
"Josh Reynolds","NYJ","WR78","0.0","0.0","0.0","36.4","477.4","3.0","0.1","101.6"
"Najee Harris","LAC","RB49","118.3","464.0","3.7","17.1","125.4","0.6","0.8","100.3"
"Elijah Arroyo","SEA","TE32","0.0","0.0","0.0","40.0","423.3","2.8","0.4","98.4"
"Kyle Williams","NE","WR79","2.1","13.3","0.0","35.5","454.4","2.7","0.4","97.6"
"Tyler Allgeier","ATL","RB50","119.8","549.3","3.3","12.6","92.3","0.3","0.8","96.9"
"DeAndre Hopkins","BAL","WR80","0.0","0.5","0.0","32.0","412.1","3.9","0.1","96.6"
"Nick Westbrook-Ikhine","MIA","WR81","0.0","1.3","0.0","31.4","427.4","3.7","0.1","96.1"
"Jalen Tolbert","DAL","WR82","0.0","0.0","0.0","34.6","404.1","3.5","0.1","96.0"
"Ray Davis","BUF","RB51","109.2","467.3","3.5","12.4","105.5","1.0","0.8","95.0"
"Rico Dowdle","CAR","RB52","85.2","390.2","2.2","22.2","151.7","1.1","0.8","94.4"
"Braelon Allen","NYJ","RB53","115.2","437.3","3.0","16.5","123.6","0.8","0.4","94.4"
"Brandin Cooks","NO","WR83","1.7","3.8","0.0","35.6","404.1","2.8","0.1","92.7"
"Will Dissly","LAC","TE33","0.0","0.0","0.0","38.6","378.0","2.5","0.1","91.6"
"Jaylen Wright","MIA","RB54","127.9","489.4","3.2","13.4","92.0","0.6","1.2","91.5"
"Andrei Iosivas","CIN","WR84","0.0","0.0","0.0","31.4","380.6","3.7","0.1","91.2"
"Kareem Hunt","KC","RB55","81.2","321.5","3.3","20.1","140.3","0.8","0.1","90.6"
"Noah Fant","CIN","TE34","0.0","0.0","0.0","37.2","380.9","2.4","0.1","89.9"
"Jordan Whittington","LAR","WR85","1.1","13.9","0.0","34.1","397.8","2.4","0.1","89.8"
"Ja'Tavion Sanders","CAR","TE35","0.0","0.0","0.0","38.5","389.3","2.1","0.1","89.6"
"Bhayshul Tuten","JAC","RB56","89.2","389.2","2.7","17.3","136.9","0.8","0.8","89.6"
"Jalen Nailor","MIN","WR86","1.8","4.1","0.0","29.2","382.1","3.5","0.4","88.2"
"Woody Marks","HOU","RB57","73.8","275.4","1.8","24.9","182.0","1.1","0.1","87.8"
"Tory Horton","SEA","WR87","1.0","8.7","0.0","33.4","424.6","2.1","0.7","87.6"
"Tre Tucker","LV","WR88","5.6","31.5","0.3","30.2","385.0","2.2","0.1","87.0"
"Jalen Coker","CAR","WR89","0.0","2.3","0.0","31.8","416.6","2.0","0.1","85.6"
"Troy Franklin","DEN","WR90","1.1","6.1","0.0","30.2","375.4","2.8","0.1","85.2"
"Justice Hill","BAL","RB58","41.8","184.9","1.1","27.3","221.9","1.7","0.4","83.9"
"Noah Brown","WAS","WR91","0.0","0.0","0.0","31.8","406.6","1.9","0.1","83.6"
"Jack Bech","LV","WR92","0.0","2.5","0.0","31.1","390.3","2.2","0.1","83.3"
"MarShawn Lloyd","GB","RB59","105.7","381.3","2.9","13.5","108.4","0.7","0.8","82.7"
"Roschon Johnson","CHI","RB60","86.2","300.1","4.2","14.7","98.5","0.4","0.1","82.3"
"Kayshon Boutte","NE","WR93","0.0","0.0","0.0","28.3","379.7","2.4","0.1","80.4"
"Tyler Conklin","LAC","TE36","0.0","0.0","0.0","33.5","325.7","2.3","0.0","79.7"
"Pat Bryant","DEN","WR94","0.0","0.0","0.0","29.1","351.4","2.6","0.1","79.6"
"Adonai Mitchell","IND","WR95","2.9","9.5","0.1","28.4","372.4","2.2","0.4","79.1"
"Dontayvion Wicks","GB","WR96","0.0","1.3","0.0","26.9","340.0","3.0","0.0","79.1"
"Marquez Valdes-Scantling","SEA","WR97","2.7","10.4","0.1","23.9","394.2","2.3","0.0","78.7"
"Elic Ayomanor","TEN","WR98","0.0","5.7","0.0","29.4","357.3","2.1","0.1","77.9"
"AJ Barner","SEA","TE37","0.0","0.0","0.0","32.7","305.0","2.4","0.1","77.5"
"Amari Cooper","LV","WR99","0.0","0.0","0.0","27.3","362.1","2.1","0.0","76.2"
"Brian Robinson Jr.","SF","RB61","97.9","400.6","3.3","8.7","72.7","0.5","1.1","76.2"
"Noah Gray","KC","TE38","0.0","0.5","0.0","29.6","301.4","2.7","0.0","75.9"
"Kendre Miller","NO","RB62","92.1","359.8","3.2","10.3","76.7","0.2","0.4","73.0"
"Curtis Samuel","BUF","WR100","6.6","29.3","0.1","27.0","272.2","2.5","0.1","72.5"
"Cole Kmet","CHI","TE39","0.0","0.0","0.0","30.2","291.0","2.3","0.4","72.2"
"Allen Lazard","NYJ","WR101","0.0","0.0","0.0","25.3","327.9","2.3","0.1","71.8"
"Christian Watson","GB","WR102","4.3","17.0","0.0","19.9","366.7","2.3","0.4","71.6"
"Greg Dortch","ARI","WR103","4.8","30.6","0.1","28.0","278.7","2.1","0.4","71.3"
"Ollie Gordon II","MIA","RB63","77.6","350.3","3.0","9.6","73.8","0.4","1.1","69.9"
"Dont'e Thornton Jr.","LV","WR104","0.0","2.0","0.0","25.1","328.5","2.0","0.1","69.8"
"Raheem Mostert","LV","RB64","77.2","257.5","2.4","15.6","115.5","0.5","0.8","68.9"
"Anthony Miller","BAL","WR105","0.0","0.0","0.0","25.3","276.9","2.6","0.0","68.5"
"Blake Corum","LAR","RB65","84.2","318.0","2.1","12.7","94.0","0.3","0.4","68.0"
"Malik Washington","MIA","WR106","2.0","13.8","0.1","27.5","288.9","1.8","0.6","67.9"
"Austin Hooper","NE","TE40","0.0","0.0","0.0","28.7","286.6","1.8","0.4","67.4"
"Ty Johnson","BUF","RB66","44.9","205.3","0.9","15.2","165.3","1.4","0.1","66.4"
"Michael Mayer","LV","TE41","0.0","0.0","0.0","28.5","262.3","1.8","0.1","65.3"
"Miles Sanders","DAL","RB67","93.4","350.9","2.1","10.0","62.0","0.3","0.5","64.7"
"Van Jefferson","TEN","WR107","0.0","0.0","0.0","23.4","300.6","1.9","0.1","64.4"
"Roman Wilson","PIT","WR108","0.0","0.0","0.0","22.9","290.2","2.0","0.1","63.6"
"Devaughn Vele","NO","WR109","0.0","1.7","0.0","25.2","269.2","1.9","0.1","63.4"
"Keaton Mitchell","BAL","RB68","66.0","322.3","1.7","9.1","85.5","0.5","0.0","63.0"
"Samaje Perine","CIN","RB69","41.2","174.7","1.3","17.8","155.1","0.9","0.7","62.5"
"Harold Fannin Jr.","CLE","TE42","0.0","0.0","0.0","27.2","268.3","1.5","0.4","62.2"
"Parker Washington","JAC","WR110","0.0","8.5","0.0","24.7","261.6","1.6","0.1","61.0"
"Antonio Gibson","NE","RB70","51.4","215.4","1.0","16.4","132.7","0.5","0.0","60.1"
"JuJu Smith-Schuster","KC","WR111","0.0","0.0","0.0","23.1","255.6","1.8","0.1","59.1"
"Foster Moreau","NO","TE43","0.0","0.0","0.0","22.4","251.7","1.8","0.1","58.5"
"Tim Patrick","DET","WR112","0.0","0.0","0.0","20.5","256.5","2.0","0.1","57.8"
"Robbie Ouzts","SEA","TE44","0.0","0.0","0.0","25.0","245.9","1.5","0.5","57.8"
"Dawson Knox","BUF","TE45","0.0","0.0","0.0","21.9","238.6","1.9","0.0","57.2"
"Terrance Ferguson","LAR","TE46","0.0","0.0","0.0","23.0","235.2","1.9","0.4","57.0"
"Chris Rodriguez Jr.","WAS","RB71","70.4","318.0","2.9","4.4","33.4","0.1","0.4","56.5"
"Jaylin Noel","HOU","WR113","0.0","13.0","0.0","21.6","249.2","1.4","0.0","56.2"
"Tai Felton","MIN","WR114","0.0","3.7","0.0","20.1","241.8","1.9","0.0","55.8"
"Kenneth Gainwell","PIT","RB72","58.5","226.6","1.6","12.5","88.5","0.4","0.4","55.4"
"Jalen McMillan","TB","WR115","1.4","11.0","0.0","17.9","224.7","2.3","0.4","54.4"
"Tyler Johnson","NYJ","WR116","0.0","0.0","0.0","21.5","227.5","1.7","0.0","54.3"
"Jaleel McLaughlin","DEN","RB73","35.3","156.4","0.9","18.0","108.5","0.9","0.5","53.9"
"KaVontae Turpin","DAL","WR117","8.4","58.5","0.5","17.0","206.0","1.4","0.7","53.5"
"Jamari Thrash","CLE","WR118","0.0","0.0","0.0","21.0","251.4","1.2","0.2","53.2"
"Chimere Dike","TEN","WR119","2.1","8.9","0.0","18.4","222.9","1.6","0.1","51.2"
"Kyle Monangai","CHI","RB74","42.0","259.2","2.3","6.4","45.6","0.1","0.1","51.2"
"Zamir White","LV","RB75","56.2","231.4","1.4","10.0","71.0","0.3","0.0","50.6"
"Isaac Guerendo","SF","RB76","52.2","246.3","2.0","7.5","67.3","0.1","0.4","50.3"
"Jarquez Hunter","LAR","RB77","57.1","237.7","1.9","7.1","61.0","0.4","0.7","49.5"
"Josh Oliver","MIN","TE47","0.0","0.0","0.0","19.4","203.0","1.6","0.1","49.4"
"Luke McCaffrey","WAS","WR120","0.0","1.0","0.0","19.7","206.6","1.5","0.1","49.3"
"Trevor Etienne","CAR","RB78","47.8","191.3","1.5","10.7","86.5","0.4","0.4","49.0"
"Tahj Brooks","CIN","RB79","48.8","212.9","1.6","9.2","73.3","0.5","0.7","48.8"
"Devin Singletary","NYG","RB80","52.1","236.2","1.5","9.4","63.5","0.1","0.4","48.6"
"Jermaine Burton","CIN","WR121","0.0","2.0","0.0","15.8","205.9","2.0","0.1","48.2"
"Oronde Gadsden II","LAC","TE48","0.0","0.0","0.0","19.1","195.2","1.6","0.1","47.9"
"Demarcus Robinson","SF","WR122","0.0","0.8","0.0","13.9","217.8","1.9","0.0","47.3"
"Tommy Tremble","CAR","TE49","0.0","0.0","0.0","19.2","184.1","1.7","0.4","47.0"
"Gunnar Helm","TEN","TE50","0.0","0.0","0.0","20.2","200.8","1.1","0.4","46.3"
"Luke Musgrave","GB","TE51","0.0","0.0","0.0","19.1","186.4","1.4","0.0","46.2"
"Will Shipley","PHI","RB81","37.4","205.2","1.3","8.3","61.8","0.4","0.1","45.1"
"Khalil Herbert","IND","RB82","60.4","215.4","1.6","7.7","43.8","0.2","0.0","44.2"
"Emanuel Wilson","GB","RB83","32.7","178.0","1.3","9.2","67.2","0.6","0.5","43.6"
"Elijah Mitchell","KC","RB84","60.5","203.8","1.6","7.2","40.6","0.4","0.1","43.5"
"Devin Neal","NO","RB85","39.1","205.0","1.3","7.2","53.1","0.4","0.1","43.2"
"Kendrick Bourne","NE","WR123","1.1","6.8","0.0","16.9","195.1","1.0","0.0","43.1"
"Zay Jones","ARI","WR124","0.0","2.0","0.0","16.8","179.9","1.3","0.1","42.5"
"Skyy Moore","SF","WR125","0.0","0.0","0.0","15.5","185.2","1.4","0.0","42.3"
"Ben Sinnott","WAS","TE52","0.0","0.0","0.0","16.8","166.7","1.4","0.1","41.8"
"Brock Wright","DET","TE53","0.0","0.0","0.0","15.0","134.8","2.2","0.0","41.4"
"Sean Tucker","TB","RB86","44.8","231.3","1.4","5.2","40.2","0.3","0.7","41.3"
"Cade Stover","HOU","TE54","0.0","0.0","0.0","16.9","160.6","1.2","0.0","40.2"
"Jahan Dotson","PHI","WR126","0.0","1.7","0.0","14.6","176.4","1.3","0.0","40.1"
"A.T. Perry","DEN","WR127","0.0","0.0","0.0","13.5","176.5","1.4","0.0","39.7"
"Jeremy Ruckert","NYJ","TE55","0.0","0.0","0.0","17.6","152.2","1.2","0.0","39.7"
"Kalif Raymond","DET","WR128","0.0","4.0","0.0","14.7","184.2","1.2","0.6","39.4"
"DJ Giddens","IND","RB87","23.6","163.2","1.3","7.6","56.4","0.1","0.0","37.9"
"Elijah Moore","BUF","WR129","0.0","1.3","0.0","14.5","160.1","1.2","0.0","37.9"
"Xavier Hutchinson","HOU","WR130","0.0","0.0","0.0","14.6","171.9","1.0","0.1","37.5"
"Isaiah Bond","CLE","WR131","0.0","0.0","0.0","13.8","171.9","1.1","0.0","37.4"
"KhaDarel Hodge","ATL","WR132","0.0","0.0","0.0","13.5","176.6","1.0","0.1","37.1"
"A.J. Dillon","PHI","RB88","50.1","194.6","1.6","3.6","28.6","0.1","0.0","35.9"
"Jalen Royals","KC","WR133","0.0","2.5","0.0","12.9","156.2","1.2","0.0","35.7"
"Adam Trautman","DEN","TE56","0.0","0.0","0.0","13.0","141.2","1.4","0.0","35.5"
"Luke Schoonmaker","DAL","TE57","0.0","0.0","0.0","14.9","132.7","1.2","0.0","35.1"
"Charlie Woerner","ATL","TE58","0.0","0.0","0.0","14.6","139.0","1.1","0.0","34.9"
"Kyle Juszczyk","SF","RB89","5.4","22.5","0.3","13.1","125.0","0.7","0.4","33.7"
"Russell Gage Jr.","SF","WR134","0.0","0.0","0.0","13.0","145.4","1.0","0.0","33.6"
"Jalin Hyatt","NYG","WR135","0.0","0.0","0.0","12.1","160.6","0.8","0.0","33.2"
"Daniel Bellinger","NYG","TE59","0.0","0.0","0.0","14.7","135.2","0.8","0.0","33.1"
"Isaac TeSlaa","DET","WR136","0.0","0.0","0.0","10.7","155.2","1.1","0.0","33.0"
"Julian Hill","MIA","TE60","0.0","0.0","0.0","14.7","133.7","0.9","0.4","32.9"
"Casey Washington","ATL","WR137","0.0","0.0","0.0","11.3","135.6","1.0","0.0","30.9"
"Grant Calcaterra","PHI","TE61","0.0","0.0","0.0","12.1","136.4","0.9","0.0","30.8"
"Jake Briningstool","KC","TE62","0.0","0.0","0.0","12.0","121.0","1.0","0.0","30.1"
"Johnny Mundt","JAC","TE63","0.0","0.0","0.0","13.4","115.2","0.8","0.0","30.0"
"Jake Bobo","SEA","WR138","0.0","0.0","0.0","11.5","132.6","0.9","0.0","29.8"
"Isaiah Davis","NYJ","RB90","30.7","152.3","0.9","4.9","35.7","0.1","0.0","29.4"
"Payne Durham","TB","TE64","0.0","0.0","0.0","11.1","109.3","1.2","0.0","29.4"
"Jaylin Lane","WAS","WR139","2.2","13.5","0.1","10.4","120.3","0.8","0.1","29.2"
"Arian Smith","NYJ","WR140","0.0","3.5","0.0","11.2","134.3","0.7","0.0","29.0"
"Darnell Washington","PIT","TE65","0.0","0.0","0.0","12.3","123.3","0.7","0.0","28.9"
"Elijah Higgins","ARI","TE66","0.0","0.0","0.0","11.4","110.3","1.1","0.0","28.8"
"Kimani Vidal","LAC","RB91","24.9","110.2","0.8","6.4","48.3","0.3","0.0","28.6"
"Brashard Smith","KC","RB92","9.9","78.9","0.5","8.3","61.7","0.5","0.0","28.1"
"Chris Brooks","GB","RB93","30.9","139.1","0.9","5.0","32.1","0.0","0.0","27.9"
"Emari Demercado","ARI","RB94","18.7","106.3","0.4","8.1","54.1","0.1","0.0","27.2"
"Zavier Scott","MIN","WR141","32.0","153.0","1.0","3.0","29.0","0.0","0.0","27.2"
"Keleki Latu","BUF","TE67","0.0","0.0","0.0","10.0","111.0","1.0","0.0","27.1"
"Amar Johnson","GB","RB95","35.0","164.0","1.0","2.0","26.0","0.0","0.0","27.0"
"Savion Williams","GB","WR142","4.4","16.4","0.1","9.1","104.8","0.8","0.0","26.5"
"Colby Parkinson","LAR","TE68","0.0","0.0","0.0","10.6","106.5","0.9","0.0","26.3"
"Clyde Edwards-Helaire","NO","RB96","36.9","113.8","0.6","5.7","42.9","0.3","0.1","26.3"
"Connor Heyward","PIT","TE69","0.0","0.0","0.0","10.2","87.6","1.2","0.0","25.9"
"Dameon Pierce","HOU","RB97","19.3","125.1","0.8","5.1","33.6","0.1","0.7","25.0"
"Tyler Goodson","IND","RB98","30.0","109.7","0.7","4.7","31.3","0.3","0.0","24.8"
"Hassan Haskins","LAC","RB99","30.8","89.3","0.7","5.3","42.2","0.5","0.3","24.7"
"Chris Blair","ATL","WR143","0.0","0.0","0.0","9.4","106.2","0.7","0.0","24.4"
"Olamide Zaccheaus","CHI","WR144","1.1","6.0","0.0","9.4","100.6","0.7","0.1","24.3"
"Sincere McCormick","LV","RB100","23.7","112.9","0.8","4.3","29.9","0.1","0.1","23.5"
"Mack Hollins","NE","WR145","0.0","1.7","0.0","8.2","102.1","0.8","0.0","23.3"
"Drew Sample","CIN","TE70","0.0","0.0","0.0","10.4","82.9","0.8","0.0","23.2"
"Ty Chandler","MIN","RB101","18.9","96.3","0.7","5.0","34.7","0.1","0.0","22.7"
"Drew Ogletree","IND","TE71","0.0","0.0","0.0","7.6","97.0","0.8","0.0","22.2"
"Tylan Wallace","BAL","WR146","0.0","1.7","0.0","6.7","87.6","0.9","0.0","20.9"
"Hunter Renfrow","CAR","WR147","0.0","0.0","0.0","9.3","91.4","0.4","0.0","20.8"
"Simi Fehoko","ARI","WR148","0.0","0.0","0.0","7.6","91.6","0.7","0.0","20.7"
"Jeremy McNichols","WAS","RB102","21.9","93.0","1.1","2.7","15.3","0.0","0.0","20.4"
"Julius Chestnut","TEN","RB103","10.4","70.9","0.5","5.5","40.2","0.2","0.0","20.4"
"Michael Burton","DEN","RB104","6.7","14.6","0.6","7.1","45.6","0.6","0.0","20.2"
"Sterling Shepard","TB","WR149","0.8","7.0","0.0","7.7","80.3","0.5","0.0","19.6"
"Tim Jones","MIN","WR150","0.0","0.0","0.0","7.4","83.2","0.6","0.1","19.4"
"Craig Reynolds","DET","RB105","8.5","38.0","0.1","6.9","55.1","0.4","0.0","19.2"
"Nate Adkins","DEN","TE72","0.0","0.0","0.0","7.0","54.8","1.1","0.0","19.0"
"Lucas Krull","DEN","TE73","0.0","0.0","0.0","8.3","79.8","0.4","0.0","18.6"
"Cedrick Wilson Jr.","NO","WR151","0.0","2.0","0.0","7.1","78.2","0.5","0.0","18.2"
"Hunter Long","JAC","TE74","0.0","0.0","0.0","8.4","76.0","0.4","0.0","18.2"
"Quintin Morris","JAC","TE75","0.0","0.0","0.0","7.9","71.5","0.5","0.0","18.1"
"Gavin Bartholomew","MIN","TE76","0.0","0.0","0.0","7.0","75.0","0.6","0.0","18.0"
"Brevyn Spann-Ford","DAL","TE77","0.0","0.0","0.0","7.3","69.7","0.6","0.0","18.0"
"Jamal Agnew","ATL","WR152","0.0","0.0","0.0","7.1","73.5","0.6","0.1","17.9"
"Michael Carter","ARI","RB106","9.6","41.2","0.2","6.6","45.0","0.3","0.0","17.9"
"Alec Ingold","MIA","RB107","8.9","21.5","0.6","6.1","44.1","0.4","0.4","17.8"
"Giovanni Ricci","MIN","TE78","0.0","0.0","0.0","8.0","96.0","0.0","0.0","17.6"
"Kalel Mullings","TEN","RB108","10.4","84.0","0.6","3.0","21.8","0.0","0.0","17.6"
"Teagan Quitoriano","ATL","TE79","0.0","0.0","0.0","5.5","89.0","0.5","0.0","17.4"
"KeAndre Lambert-Smith","LAC","WR153","0.0","3.0","0.0","5.9","77.7","0.6","0.0","17.3"
"Lawrence Cager","WAS","WR154","0.0","0.0","0.0","5.5","57.0","1.0","0.0","17.2"
"Bo Melton","GB","WR155","0.0","0.0","0.0","6.2","73.8","0.6","0.0","16.9"
"Tanner McLachlan","CIN","TE80","0.0","0.0","0.0","7.0","68.5","0.5","0.0","16.9"
"Tanner Conner","MIA","TE81","0.0","0.0","0.0","7.5","58.3","0.6","0.0","16.8"
"Ben Skowronek","PIT","WR156","0.0","0.0","0.0","6.5","72.1","0.5","0.0","16.8"
"C.J. Ham","MIN","RB109","3.0","13.6","1.0","5.3","34.8","0.1","0.0","16.6"
"Devin Culp","TB","TE82","0.0","0.0","0.0","6.1","65.6","0.6","0.0","16.1"
"Maurice Alexander","CHI","WR157","0.0","0.0","0.0","6.4","70.4","0.4","0.0","15.9"
"Brenden Bates","CLE","TE83","0.0","0.0","0.0","6.5","61.6","0.5","0.0","15.9"
"Charlie Kolar","BAL","TE84","0.0","1.0","0.0","5.7","71.7","0.4","0.0","15.6"
"Devontez Walker","BAL","WR158","0.0","1.7","0.0","4.9","67.3","0.6","0.0","15.6"
"Taysom Hill","NO","TE85","0.0","50.0","1.0","2.3","22.3","0.0","0.0","15.6"
"Travis Homer","CHI","RB110","21.6","69.8","0.3","3.4","25.7","0.1","0.0","15.5"
"Eric Saubert","SEA","TE86","0.0","0.0","0.0","6.8","59.8","0.5","0.0","15.5"
"Irvin Charles","NYJ","WR159","0.0","0.0","0.0","6.2","66.0","0.4","0.0","15.4"
"Dare Ogunbowale","HOU","RB111","6.5","38.4","0.1","5.6","42.4","0.2","0.0","15.3"
"John Bates","WAS","TE87","0.0","0.0","0.0","5.9","55.0","0.6","0.0","15.2"
"Kenny Yeboah","DET","TE88","0.0","0.0","0.0","6.0","60.5","0.5","0.0","15.0"
"John Metchie III","PHI","WR160","0.0","0.0","0.0","6.3","69.0","0.3","0.0","15.0"
"David Moore","CAR","WR161","0.0","0.0","0.0","5.9","73.4","0.3","0.0","14.9"
"Ian Thomas","LV","TE89","0.0","0.0","0.0","6.6","58.5","0.4","0.0","14.8"
"Mitchell Evans","CAR","TE90","0.0","0.0","0.0","6.3","59.4","0.4","0.0","14.5"
"Malik Heath","GB","WR162","0.0","0.0","0.0","5.5","62.1","0.5","0.0","14.4"
"George Holani","SEA","RB112","0.0","79.0","0.5","2.0","14.5","0.0","0.0","14.4"
"Cam Grandy","CIN","TE91","0.0","0.0","0.0","6.2","54.3","0.4","0.0","14.3"
"Xavier Weaver","ARI","WR163","0.0","0.0","0.0","5.2","61.4","0.5","0.0","14.2"
"Luke Lachey","HOU","TE92","0.0","0.0","0.0","5.5","56.0","0.5","0.0","14.1"
"Travis Vokolek","ARI","TE93","0.0","0.0","0.0","5.5","55.5","0.5","0.0","14.1"
"Stone Smartt","NYJ","TE94","0.0","0.0","0.0","5.5","66.7","0.4","0.3","13.7"
"Thomas Fidone II","NYG","TE95","0.0","0.0","0.0","5.5","51.5","0.5","0.0","13.7"
"Raheem Blackshear","CAR","RB113","23.0","66.0","0.4","2.9","21.0","0.1","0.5","13.3"
"Ben Sims","GB","TE96","0.0","0.0","0.0","5.0","50.5","0.5","0.0","13.1"
"Jared Wiley","KC","TE97","0.0","0.0","0.0","5.4","53.1","0.4","0.0","13.0"
"Brayden Willis","SF","TE98","0.0","0.0","0.0","4.5","54.5","0.5","0.0","13.0"
"Jordan Mims","TEN","RB114","15.8","66.5","0.3","2.2","15.4","0.1","0.0","12.7"
"Tommy Mellott","LV","WR164","4.0","24.1","0.2","3.7","43.6","0.2","0.0","12.6"
"Ronnie Rivers","LAR","RB115","31.7","90.3","0.5","0.3","2.3","0.0","0.0","12.5"
"Durham Smythe","CHI","TE99","0.0","0.0","0.0","5.4","45.9","0.3","0.0","12.1"
"Phil Mafah","DAL","RB116","0.0","61.5","0.5","1.5","11.0","0.0","0.0","11.8"
"Robert Tonyan","KC","TE100","0.0","0.0","0.0","4.7","43.0","0.3","0.0","11.0"
"Patrick Ricard","BAL","RB117","4.1","11.5","0.1","3.4","27.6","0.5","0.0","10.8"
"Jordan James","SF","RB118","18.2","63.0","0.4","1.0","12.0","0.0","0.0","10.8"
"Dante Pettis","NO","WR165","2.1","9.7","0.0","4.0","46.4","0.2","0.0","10.8"
"Israel Abanikanda","GB","RB119","13.3","54.8","0.4","1.3","10.5","0.1","0.0","10.5"
"Derius Davis","LAC","WR166","10.5","35.4","0.2","2.8","31.2","0.1","0.6","10.4"
"Tez Johnson","TB","WR167","0.0","0.0","0.0","4.0","49.3","0.2","0.0","10.3"
"Kendric Pryor","CIN","WR168","0.0","0.0","0.0","3.9","42.8","0.3","0.0","10.2"
"Deuce Vaughn","DAL","RB120","8.9","35.0","0.1","3.2","21.6","0.1","0.0","10.1"
"Luke Farrell","SF","TE101","0.0","0.0","0.0","4.5","43.5","0.2","0.0","9.9"
"Jonathan Mingo","DAL","WR169","0.0","0.0","0.0","3.9","48.6","0.2","0.0","9.8"
"Tyquan Thornton","KC","WR170","0.0","0.0","0.0","3.4","45.9","0.3","0.0","9.8"
"Frank Gore Jr.","BUF","RB121","10.2","42.8","0.2","2.0","15.0","0.1","0.0","9.7"
"Trishton Jackson","ARI","WR171","0.0","0.0","0.0","3.4","40.7","0.3","0.0","9.5"
"Tip Reiman","ARI","TE102","0.0","0.0","0.0","4.4","43.0","0.1","0.0","9.4"
"Gary Brightwell","CIN","RB122","8.0","33.7","0.2","2.4","17.1","0.1","0.0","9.3"
"Davis Allen","LAR","TE103","0.0","0.0","0.0","4.1","38.4","0.2","0.0","9.1"
"Xavier Gipson","NYJ","WR172","0.0","2.5","0.0","4.2","54.3","0.0","0.5","9.1"
"Justin Watson","HOU","WR173","0.0","0.0","0.0","3.4","45.1","0.2","0.0","9.1"
"Irv Smith Jr.","HOU","TE104","0.0","0.0","0.0","4.0","33.8","0.3","0.0","9.0"
"LeQuint Allen Jr.","JAC","RB123","4.0","29.4","0.6","1.5","11.0","0.0","0.0","8.8"
"Charlie Jones","CIN","WR174","0.0","1.7","0.0","3.4","39.6","0.2","0.0","8.8"
"Hunter Luepke","DAL","RB124","4.2","14.5","0.1","3.9","26.7","0.1","0.0","8.7"
"Will Mallory","IND","TE105","0.0","0.0","0.0","3.5","34.8","0.3","0.0","8.7"
"Jordan Watkins","SF","WR175","4.4","15.8","0.1","2.6","32.7","0.1","0.0","8.6"
"Bryce Oliver","TEN","WR176","0.0","0.0","0.0","3.4","38.2","0.2","0.0","8.5"
"Mo Alie-Cox","IND","TE106","0.0","0.0","0.0","3.4","37.2","0.2","0.0","8.5"
"Austin Trammell","JAC","WR177","0.0","0.0","0.0","3.4","40.1","0.2","0.0","8.3"
"Cody White","SEA","WR178","0.0","0.0","0.0","3.3","37.6","0.2","0.0","8.3"
"Dareke Young","SEA","WR179","0.0","0.0","0.0","3.3","37.7","0.2","0.0","8.3"
"David Bell","CLE","WR180","0.0","0.0","0.0","4.0","42.0","0.0","0.0","8.2"
"Miles Boykin","CHI","WR181","0.0","0.0","0.0","3.2","37.0","0.2","0.0","7.9"
"Eric Gray","NYG","RB125","11.9","42.7","0.2","1.9","14.4","0.1","0.5","7.9"
"Dee Eskridge","MIA","WR182","0.0","1.7","0.0","3.0","32.8","0.2","0.0","7.7"
"DeeJay Dallas","ARI","RB126","5.8","22.2","0.1","3.1","21.4","0.1","0.5","7.6"
"Devin Duvernay","CHI","WR183","0.0","2.0","0.0","3.6","35.2","0.2","0.5","7.5"
"Brycen Tremayne","CAR","WR184","0.0","0.0","0.0","3.0","33.8","0.2","0.0","7.4"
"Tucker Fisk","LAC","TE107","0.0","0.0","0.0","3.3","31.8","0.2","0.0","7.4"
"Kylen Granson","PHI","TE108","0.0","0.0","0.0","3.0","33.3","0.2","0.0","7.4"
"Scotty Miller","PIT","WR185","0.0","0.0","0.0","3.1","37.4","0.1","0.0","7.3"
"Jashaun Corbin","ATL","RB127","9.3","35.1","0.2","1.5","10.6","0.0","0.0","7.2"
"Tyler Scott","CHI","WR186","0.0","1.7","0.0","2.8","30.1","0.1","0.0","6.8"
"Britain Covey","LAR","WR187","2.2","13.7","0.1","1.8","21.0","0.1","0.0","6.6"
"Tanner Hudson","CIN","TE109","0.0","0.0","0.0","3.0","26.7","0.2","0.0","6.6"
"Nick Nash","ATL","WR188","0.0","0.0","0.0","3.0","35.0","0.0","0.0","6.5"
"Rasheen Ali","BAL","RB128","5.2","33.3","0.1","1.4","10.2","0.1","0.0","6.5"
"Jackson Hawes","BUF","TE110","0.0","0.0","0.0","2.9","29.8","0.1","0.0","6.3"
"Ryan Flournoy","DAL","WR189","0.0","0.0","0.0","2.4","25.6","0.2","0.0","5.9"
"Mitchell Tinsley","CIN","WR190","0.0","0.0","0.0","2.5","28.8","0.1","0.0","5.9"
"Zonovan Knight","ARI","RB129","2.4","10.1","0.1","2.1","15.3","0.1","0.0","5.7"
"Trey Sermon","PIT","RB130","5.0","20.8","0.1","1.6","11.5","0.1","0.0","5.6"
"Erick All Jr.","CIN","TE111","0.0","0.0","0.0","2.4","20.8","0.2","0.0","5.5"
"Velus Jones Jr.","NO","WR191","2.4","10.4","0.1","2.0","13.7","0.1","0.0","5.4"
"Terrell Jennings","NE","RB131","2.4","10.1","0.1","1.9","14.5","0.1","0.0","5.2"
"Jack Stoll","NO","TE112","0.0","0.0","0.0","2.5","23.7","0.0","0.0","5.1"
"Zach Davidson","BUF","TE113","0.0","0.0","0.0","1.9","19.1","0.2","0.0","4.8"
"Anthony Gould","IND","WR192","0.0","2.5","0.0","1.8","22.8","0.1","0.0","4.6"
"David Martin-Robinson","TEN","TE114","0.0","0.0","0.0","1.9","18.6","0.1","0.0","4.5"
"Blake Whiteheart","CLE","TE115","0.0","0.0","0.0","2.0","18.5","0.1","0.0","4.5"
"Tank Dell","HOU","WR193","0.0","0.0","0.0","2.0","24.0","0.0","0.0","4.4"
"Isaiah Neyor","GB","WR194","0.0","0.0","0.0","2.0","24.0","0.0","0.0","4.4"
"Feleipe Franks","ATL","QB1","0.0","0.0","0.0","1.8","17.7","0.1","0.0","4.3"
"Trent Sherfield Sr.","DEN","WR195","0.0","0.0","0.0","1.8","20.9","0.1","0.0","4.3"
"Ashton Dulin","IND","WR196","0.0","1.7","0.0","1.7","19.5","0.1","0.0","4.3"
"Isaiah Williams","CIN","WR197","0.0","0.0","0.0","1.6","18.8","0.1","0.0","4.2"
"Chris Manhertz","NYG","TE116","0.0","0.0","0.0","1.9","18.4","0.1","0.0","4.1"
"James Mitchell","CAR","TE117","0.0","0.0","0.0","1.8","17.8","0.1","0.0","4.1"
"Steven Sims Jr.","SEA","WR198","0.0","0.0","0.0","1.7","17.0","0.1","0.0","4.0"
"Scott Matlock","LAC","DT1","0.0","0.0","0.0","2.2","14.7","0.1","0.0","4.0"
"Jacob Cowing","SF","WR199","0.0","8.5","0.0","1.1","14.9","0.1","0.0","3.9"
"Dylan Laube","LV","RB132","0.0","10.0","0.0","1.5","11.0","0.0","0.0","3.6"
"Jimmy Horn Jr.","CAR","WR200","0.0","0.0","0.0","1.5","18.0","0.0","0.0","3.3"
"Raheim Sanders","LAC","RB133","0.0","10.5","0.0","1.0","7.5","0.0","0.0","2.8"
"Avery Williams","PHI","RB134","1.4","5.7","0.0","1.6","10.9","0.1","0.5","2.6"
"Jason Brownlee","KC","WR201","0.0","0.0","0.0","1.0","14.0","0.0","0.0","2.4"
"Carlos Washington Jr.","ATL","RB135","0.0","15.0","0.0","0.5","3.5","0.0","0.0","2.4"
"Trayveon Williams","CLE","RB136","1.2","5.1","0.0","1.0","7.0","0.0","0.0","2.3"
"Braxton Berrios","HOU","WR202","0.0","2.5","0.0","1.0","10.5","0.0","0.0","2.3"
"Chris Moore","WAS","WR203","0.0","0.0","0.0","1.0","13.0","0.0","0.0","2.3"
"LaJohntay Wester","BAL","WR204","0.0","0.0","0.0","1.0","12.0","0.0","0.0","2.2"
"Nick Vannett","MIN","TE118","0.0","0.0","0.0","1.0","10.0","0.0","0.0","2.0"
"Tyler Badie","DEN","RB137","0.0","10.5","0.0","0.5","3.5","0.0","0.0","1.9"
"Ihmir Smith-Marsette","NYG","WR205","0.0","2.5","0.0","0.8","9.5","0.1","0.5","1.4"
"Xavier Smith","LAR","WR206","0.0","2.5","0.0","1.0","11.0","0.0","0.5","1.4"
"Sione Vaki","DET","RB138","0.0","4.5","0.0","0.5","3.5","0.0","0.0","1.3"
"JaMycal Hasty","NE","RB139","0.0","4.0","0.0","0.5","3.5","0.0","0.0","1.3"
"Nikko Remigio","KC","WR207","0.0","0.0","0.0","0.5","6.5","0.0","0.0","1.2"
"Harrison Bryant","HOU","TE119","0.0","0.0","0.0","0.5","5.5","0.0","0.0","1.1"
"Keilan Robinson","PHI","RB140","0.0","2.0","0.0","0.5","3.5","0.0","0.0","1.1"
"D'Ernest Johnson","BAL","RB141","0.0","2.0","0.0","0.5","3.0","0.0","0.0","1.0"
"Trenton Irwin","JAC","WR208","0.0","5.0","0.0","0.0","0.0","0.0","0.0","0.5"
"Mason Kinsey","TEN","WR209","0.0","0.0","0.0","0.0","0.0","0.0","0.0","0.0"
"Laquon Treadwell","IND","WR210","0.0","0.0","0.0","0.0","0.0","0.0","0.0","0.0"
"River Cracraft","WAS","WR211","0.0","0.0","0.0","0.0","0.0","0.0","0.0","0.0"
"Trent Taylor","SF","WR212","0.0","0.0","0.0","0.0","0.0","0.0","0.0","0.0"
"Keith Kirkwood","BAL","WR213","0.0","0.0","0.0","0.0","0.0","0.0","0.0","0.0"
"Tyree Jackson","WAS","TE120","0.0","0.0","0.0","0.0","0.0","0.0","0.0","0.0"
"Stephen Carlson","CHI","TE121","0.0","0.0","0.0","0.0","0.0","0.0","0.0","0.0"
"Josiah Deguara","ARI","TE122","0.0","0.0","0.0","0.0","0.0","0.0","0.0","0.0"
"Albert Okwuegbunam Jr.","LV","TE123","0.0","0.0","0.0","0.0","0.0","0.0","0.0","0.0"
"Sean McKeon","IND","TE124","0.0","0.0","0.0","0.0","0.0","0.0","0.0","0.0"
"Shane Zylstra","DET","TE125","0.0","0.0","0.0","0.0","0.0","0.0","0.0","0.0"
"Tyler Mabry","CAR","TE126","0.0","0.0","0.0","0.0","0.0","0.0","0.0","0.0"
"Ko Kieft","TB","TE127","0.0","0.0","0.0","0.0","0.0","0.0","0.0","0.0"
"Cole Turner","WAS","TE128","0.0","0.0","0.0","0.0","0.0","0.0","0.0","0.0"
"John FitzPatrick","GB","TE129","0.0","0.0","0.0","0.0","0.0","0.0","0.0","0.0"
"Jake Tonges","SF","TE130","0.0","0.0","0.0","0.0","0.0","0.0","0.0","0.0"
"Cameron Latu","PHI","TE131","0.0","0.0","0.0","0.0","0.0","0.0","0.0","0.0"
"Justin Shorter","LV","WR214","0.0","0.0","0.0","0.0","0.0","0.0","0.0","0.0"
"Princeton Fant","DAL","TE132","0.0","0.0","0.0","0.0","0.0","0.0","0.0","0.0"
"Colson Yankoff","WAS","TE133","0.0","0.0","0.0","0.0","0.0","0.0","0.0","0.0"
"Thomas Odukoya","TEN","TE134","0.0","0.0","0.0","0.0","0.0","0.0","0.0","0.0"
"Baylor Cupp","BAL","TE135","0.0","0.0","0.0","0.0","0.0","0.0","0.0","0.0"
"Jack Westover","NE","TE136","0.0","0.0","0.0","0.0","0.0","0.0","0.0","0.0"
"Caleb Lohner","DEN","TE137","0.0","0.0","0.0","0.0","0.0","0.0","0.0","0.0"
"Moliki Matavao","NO","TE138","0.0","0.0","0.0","0.0","0.0","0.0","0.0","0.0"
"Mitchell Wilcox","MIA","TE139","0.0","0.0","0.0","0.0","0.0","0.0","0.0","0.0"
"Myles Gaskin","BAL","RB142","0.0","0.0","0.0","0.0","0.0","0.0","0.0","0.0"
"Nyheim Miller-Hines","LAC","RB143","0.0","0.0","0.0","0.0","0.0","0.0","0.0","0.0"
"Andrew Beck","NYJ","TE140","0.0","0.0","0.0","0.0","0.0","0.0","0.0","0.0"
"Salvon Ahmed","IND","RB144","0.0","0.0","0.0","0.0","0.0","0.0","0.0","0.0"
"Reggie Gilliam","BUF","RB145","0.0","0.0","0.0","0.0","0.0","0.0","0.0","0.0"
"Jermar Jefferson","TEN","RB146","0.0","0.0","0.0","0.0","0.0","0.0","0.0","0.0"
"Demetric Felton Jr.","WAS","RB147","0.0","0.0","0.0","0.0","0.0","0.0","0.0","0.0"
"Kene Nwangwu","NYJ","RB148","0.0","0.0","0.0","0.0","0.0","0.0","0.0","0.0"
"Jaret Patterson","LAC","RB149","0.0","0.0","0.0","0.0","0.0","0.0","0.0","0.0"
"Deon Jackson","DET","RB150","0.0","0.0","0.0","0.0","0.0","0.0","0.0","0.0"
"Adam Prentice","DEN","RB151","0.0","0.0","0.0","0.0","0.0","0.0","0.0","0.0"
"Tyrion Davis-Price","GB","RB152","0.0","0.0","0.0","0.0","0.0","0.0","0.0","0.0"
"Keaontay Ingram","KC","RB153","0.0","0.0","0.0","0.0","0.0","0.0","0.0","0.0"
"Brittain Brown","CHI","RB154","0.0","0.0","0.0","0.0","0.0","0.0","0.0","0.0"
"Malik Davis","DAL","RB155","0.0","0.0","0.0","0.0","0.0","0.0","0.0","0.0"
"Deneric Prince","NE","RB156","0.0","0.0","0.0","0.0","0.0","0.0","0.0","0.0"
"Ben VanSumeren","PHI","LB1","0.0","0.0","0.0","0.0","0.0","0.0","0.0","0.0"
"Brady Russell","SEA","TE141","0.0","0.0","0.0","0.0","0.0","0.0","0.0","0.0"
"Jonathon Brooks","CAR","RB157","0.0","0.0","0.0","0.0","0.0","0.0","0.0","0.0"
"Jawhar Jordan","HOU","RB158","0.0","0.0","0.0","0.0","0.0","0.0","0.0","0.0"
"Blake Watson","DEN","RB159","0.0","0.0","0.0","0.0","0.0","0.0","0.0","0.0"
"Michael Wiley","KC","RB160","0.0","0.0","0.0","0.0","0.0","0.0","0.0","0.0"
"British Brooks","HOU","RB161","0.0","0.0","0.0","0.0","0.0","0.0","0.0","0.0"
"Cody Schrader","LAR","RB162","0.0","0.0","0.0","0.0","0.0","0.0","0.0","0.0"
"Kendall Milton","CIN","RB163","0.0","0.0","0.0","0.0","0.0","0.0","0.0","0.0"
"Chris Collier","LV","RB164","0.0","0.0","0.0","0.0","0.0","0.0","0.0","0.0"
"Donovan Edwards","NYJ","RB165","0.0","0.0","0.0","0.0","0.0","0.0","0.0","0.0"
"Corey Kiner","SF","RB166","0.0","0.0","0.0","0.0","0.0","0.0","0.0","0.0"
""
""